question_id,root,horizon,effective_n_per_arm,within_arm_pairwise_rate,cross_arm_pairwise_rate,cross_arm_fourway_rate,top1_top2_margin
cd/490199,75,100,230|201|209|202,0.51,0.5217,0.9,0.36474164000000003
cd/490201,75,100,254|248|255|251,0.02,0.6583,1.0,0.32533333
cd/490202,75,100,236|233|231|235,0.0,0.0,0.0,0.8623188399999999
cd/490203,75,100,139|175|204|170,0.165,0.5333,0.99,0.12286689
cd/490204,75,100,255|251|256|252,0.0,0.0,0.0,0.08968609999999999
cd/490205,75,100,241|239|246|228,0.215,0.5917,1.0,0.20433436
cd/490206,75,100,252|249|253|247,0.0,0.0,0.0,0.29698376000000004
cd/490207,75,100,246|226|249|216,0.0,0.0,0.0,0.43187661
cd/490208,75,100,244|235|241|225,0.0,0.0,0.0,0.26858512999999995
cd/490211,75,100,256|254|255|254,0.0,0.0,0.0,0.6143187099999999
cd/490212,75,100,256|252|255|256,0.0025,0.5,1.0,0.24724062000000002
cd/490213,75,100,255|248|253|240,0.23,0.5717,1.0,0.03636364
cd/490214,75,100,238|231|248|229,0.0,0.0,0.0,0.87534626
cd/490215,75,100,253|250|255|245,0.0,0.0,0.0,0.6992665100000001
cd/490217,75,100,250|232|237|236,0.0,0.0,0.0,0.6037735799999999
cd/490219,75,100,248|240|242|229,0.0025,0.005,0.01,0.22653721999999998
cd/490221,75,100,247|252|254|238,0.0,0.0,0.0,0.77149877
cd/490225,75,100,249|244|255|245,0.0,0.0,0.0,0.6636971
cd/490227,75,100,254|249|256|254,0.4475,0.5333,0.9,0.15704388000000002
cd/490228,75,100,250|248|250|250,0.015,0.01,0.02,0.06015038
cd/490229,75,100,250|233|253|227,0.0,0.0,0.0,0.37714285999999997
cd/490231,75,100,253|251|255|248,0.0,0.0,0.0,0.52631579
cd/490232,75,100,226|220|229|234,0.0,0.0,0.0,0.9861751200000001
cd/490233,75,100,255|248|251|254,0.0,0.0,0.0,0.6861313899999999
cd/490234,75,100,250|251|253|252,0.0,0.0,0.0,0.61042184
cd/490235,75,100,255|253|253|250,0.0,0.0,0.0,0.58901099
cd/490236,75,100,256|248|255|254,0.0,0.0,0.0,0.23423424000000004
cd/490237,75,100,240|228|234|226,0.0,0.0,0.0,0.9705882400000001
cd/490239,75,100,121|54|67|75,0.0,0.0,0.0,0.7745664699999999
cd/490240,75,100,250|236|253|237,0.0,0.0,0.0,0.60689655
cd/490241,75,100,255|254|256|249,0.0,0.0,0.0,0.47002399000000006
cd/490243,75,100,251|248|252|247,0.0,0.0,0.0,0.33256350999999995
cd/490245,75,100,255|250|255|250,0.0,0.0,0.0,0.40444444
cd/490246,75,100,255|252|256|246,0.0,0.0,0.0,0.64459161
cd/490248,75,100,207|214|169|204,0.145,0.5083,0.96,0.16766467999999995
cd/490249,75,100,254|248|256|245,0.0,0.0,0.0,0.5340050399999999
cd/490254,75,100,4|19|4|21,0.0,0.0,0.0,0.52631579
cd/490256,75,100,256|253|256|251,0.0,0.0,0.0,0.44083526
cd/490258,75,100,254|251|256|254,0.0,0.0,0.0,0.55329949
cd/490259,75,100,218|227|216|207,0.0,0.0,0.0,0.8745247100000001
cd/490260,75,100,208|219|230|214,0.0,0.0,0.0,0.6138613900000001
cd/490261,75,100,252|248|255|250,0.0,0.0,0.0,0.44964870999999995
cd/490262,75,100,48|117|39|105,0.035,0.03,0.06,0.49469965000000005
cd/490263,75,100,256|254|255|252,0.0,0.0,0.0,0.22553191999999997
cd/490266,75,100,233|213|235|205,0.0,0.0,0.0,0.32318501
cd/490267,75,100,253|246|254|251,0.0,0.0,0.0,0.5632458300000001
cd/490268,75,100,217|218|239|182,0.0,0.0,0.0,0.51383399
cd/490270,75,100,225|227|193|215,0.0,0.0,0.0,0.37795276000000005
cd/490271,75,100,254|250|254|242,0.0,0.0,0.0,0.39455781999999995
cd/490274,75,100,240|213|186|206,0.0,0.0,0.0,0.65536723
cd/490275,75,100,121|77|53|79,0.0,0.0,0.0,0.7
cd/490276,75,100,256|254|255|254,0.0,0.0,0.0,0.78048781
cd/490279,75,100,254|241|254|245,0.0,0.0,0.0,0.36568848000000004
cd/490280,75,100,256|254|254|252,0.0,0.0,0.0,0.36203091
cd/490281,75,100,223|198|210|221,0.0,0.0,0.0,0.69053709
cd/490282,75,100,237|233|251|241,0.2775,0.5917,1.0,0.44819276999999996
cd/490283,75,100,247|239|249|238,0.0,0.0,0.0,0.67586207
cd/490287,75,100,255|253|256|249,0.0,0.0,0.0,0.45434299
cd/490288,75,100,51|135|85|153,0.0,0.0,0.0,0.6086956499999999
cd/490290,75,100,245|217|243|216,0.315,0.4483,0.84,0.18766756
cd/490292,75,100,160|213|219|167,0.21,0.17,0.34,0.05228758
cd/490296,75,100,254|251|253|255,0.0,0.0,0.0,0.22553191
cd/490297,75,100,234|230|253|216,0.0,0.0,0.0,0.043636369999999924
cd/490303,75,100,244|245|250|250,0.0,0.0,0.0,0.05235602000000003
cd/490304,75,100,27|20|6|11,0.0,0.0,0.0,0.68292683
cd/490305,75,100,4|30|5|11,0.0875,0.07,0.14,0.7017543799999999
cd/490307,75,100,254|254|255|248,0.0,0.0,0.0,0.50724638
cd/490309,75,100,250|240|245|242,0.105,0.095,0.19,0.24890830000000003
cd/490312,75,100,246|221|245|226,0.0,0.0,0.0,0.83286119
cd/490313,75,100,252|249|256|255,0.0,0.0,0.0,0.56689342
cd/490315,75,100,246|246|253|250,0.0,0.0,0.0,0.64965198
cd/490316,75,100,237|222|240|224,0.0,0.0,0.0,0.40481927999999995
cd/490317,75,100,249|240|255|242,0.0,0.0,0.0,0.68765133
cd/490320,75,100,16|37|10|53,0.2525,0.22,0.44,0.30000000000000004
cd/490321,75,100,242|189|233|197,0.2025,0.27,0.54,0.50859107
cd/490322,75,100,255|250|253|241,0.0025,0.5,1.0,0.28103044000000005
cd/490324,75,100,246|243|235|235,0.0,0.0,0.0,0.71588367
cd/490325,75,100,249|234|237|233,0.0,0.0,0.0,0.5263157900000001
cd/490327,75,100,255|250|255|254,0.0025,0.005,0.01,0.23706896999999993
cd/490331,75,100,255|252|254|253,0.01,0.0,0.0,0.13157895000000003
cd/490333,75,100,42|34|25|30,0.1825,0.49,0.91,0.4950495100000001
cd/490334,75,100,220|184|170|208,0.0,0.0,0.0,0.03458213999999998
cd/490335,75,100,256|243|251|244,0.0475,0.45,0.9,0.005115089999999989
cd/490337,75,100,256|253|254|252,0.0,0.0,0.0,0.49661399999999994
cd/490338,75,100,254|249|254|255,0.0,0.0,0.0,0.62162162
cd/490339,75,100,222|208|184|199,0.0,0.0,0.0,0.04289544000000001
cd/490340,75,100,226|214|215|210,0.0,0.0,0.0,0.56830601
cd/490341,75,100,255|248|253|252,0.0,0.5,1.0,0.023310019999999987
cd/490342,75,100,240|206|229|200,0.5075,0.3917,0.7,0.07430340000000002
cd/490343,75,100,248|240|235|234,0.0,0.0,0.0,0.48140044000000004
cd/490344,75,100,249|240|253|232,0.0,0.0,0.0,0.78510029
cd/490347,75,100,256|253|254|253,0.0,0.0,0.0,0.3400809699999999
cd/490348,75,100,251|247|256|246,0.0,0.0,0.0,0.5620608899999999
cd/490351,75,100,223|212|133|184,0.0,0.0,0.0,0.020066890000000004
cd/490352,75,100,35|18|86|18,0.0,0.0,0.0,0.6580645199999999
cd/490353,75,100,243|215|215|200,0.0,0.0,0.0,0.5138539
cd/490354,75,100,256|255|253|249,0.0,0.0,0.0,0.025380709999999973
cd/490356,75,100,222|217|200|216,0.0,0.0,0.0,0.39908257
cd/490357,75,100,250|246|256|249,0.0,0.0,0.0,0.5785876999999999
cd/490360,75,100,119|122|76|104,0.0275,0.505,0.99,0.34024896000000004
cd/490361,75,100,241|236|239|223,0.0,0.0,0.0,0.93112948
cd/490363,75,100,256|253|256|253,0.0425,0.035,0.07,0.19313303999999998
cd/490199,100,75,230|175|199|219,0.2925,0.5517,0.93,0.36211699
cd/490201,100,75,254|256|255|254,0.04,0.465,0.93,0.33259424
cd/490202,100,75,236|200|203|238,0.0,0.0,0.0,0.9556962
cd/490203,100,75,139|201|213|200,0.16,0.6183,1.0,0.11209439000000004
cd/490204,100,75,255|256|253|256,0.19,0.335,0.67,0.18025751
cd/490205,100,75,241|241|229|244,0.075,0.52,1.0,0.0
cd/490206,100,75,252|255|254|254,0.0,0.0,0.0,0.35220126
cd/490207,100,75,246|231|222|246,0.0,0.0,0.0,0.46851385
cd/490208,100,75,244|237|223|241,0.1,0.375,0.75,0.44097995999999995
cd/490211,100,75,256|256|255|253,0.0,0.0,0.0,0.72643678
cd/490212,100,75,256|256|255|255,0.095,0.54,1.0,0.22222222000000003
cd/490213,100,75,255|256|251|256,0.0,0.6667,1.0,0.06073753000000001
cd/490214,100,75,238|246|238|251,0.0,0.0,0.0,0.96418733
cd/490215,100,75,253|256|255|253,0.0,0.0,0.0,0.7218390800000001
cd/490217,100,75,250|240|228|250,0.0,0.0,0.0,0.41217798
cd/490219,100,75,248|243|227|249,0.1325,0.345,0.69,0.18798955
cd/490221,100,75,247|256|250|249,0.0,0.0,0.0,0.80387409
cd/490225,100,75,249|256|254|254,0.0,0.0,0.0,0.7182795700000001
cd/490227,100,75,254|256|255|256,0.005,0.5,1.0,0.07572382999999999
cd/490228,100,75,250|255|253|254,0.0125,0.01,0.02,0.17391304000000002
cd/490229,100,75,250|246|248|252,0.0,0.0,0.0,0.25242719
cd/490231,100,75,253|256|253|255,0.0,0.0,0.0,0.5541125499999999
cd/490232,100,75,226|251|221|241,0.0,0.0,0.0,0.9896907199999999
cd/490233,100,75,255|255|255|255,0.0,0.0,0.0,0.72437358
cd/490234,100,75,250|255|254|255,0.0,0.0,0.0,0.61149425
cd/490235,100,75,255|256|255|255,0.0,0.0,0.0,0.65075922
cd/490236,100,75,256|256|253|256,0.0,0.0,0.0,0.14285714
cd/490237,100,75,240|251|228|241,0.0,0.0,0.0,0.97902098
cd/490239,100,75,121|24|54|99,0.0,0.0,0.0,0.85714286
cd/490240,100,75,250|249|241|254,0.0,0.0,0.0,0.59060403
cd/490241,100,75,255|256|254|253,0.0,0.0,0.0,0.6263048
cd/490243,100,75,251|256|250|254,0.0,0.0,0.0,0.5507246299999999
cd/490245,100,75,255|256|256|256,0.0,0.0,0.0,0.40248963000000004
cd/490246,100,75,255|256|255|254,0.0,0.0,0.0,0.6263048
cd/490248,100,75,207|206|157|209,0.0,0.5,1.0,0.23030303999999996
cd/490249,100,75,254|256|250|254,0.0,0.0,0.0,0.6637362600000001
cd/490256,100,75,256|256|254|256,0.0,0.0,0.0,0.60125261
cd/490258,100,75,254|256|254|254,0.0,0.0,0.0,0.6504424799999999
cd/490259,100,75,218|227|193|243,0.0,0.0,0.0,0.87761194
cd/490260,100,75,208|232|221|210,0.0,0.5,1.0,0.54492754
cd/490261,100,75,252|256|255|256,0.0,0.0,0.0,0.60393873
cd/490262,100,75,48|48|79|33,0.125,0.625,1.0,0.47904192
cd/490263,100,75,256|256|255|256,0.0,0.0,0.0,0.32786886000000004
cd/490266,100,75,233|222|227|241,0.0,0.0,0.0,0.3862069
cd/490267,100,75,253|254|253|252,0.0,0.0,0.0,0.5193621900000001
cd/490268,100,75,217|244|221|220,0.0,0.0,0.0,0.64126984
cd/490270,100,75,225|211|190|227,0.0,0.0,0.0,0.15972221999999997
cd/490271,100,75,254|255|245|253,0.0,0.0,0.0,0.56455142
cd/490274,100,75,240|208|201|221,0.0,0.0,0.0,0.74863388
cd/490275,100,75,121|90|44|75,0.0,0.0,0.0,0.58181818
cd/490276,100,75,256|256|256|256,0.0,0.0,0.0,0.82655246
cd/490279,100,75,254|250|248|253,0.0,0.0,0.0,0.4511930599999999
cd/490280,100,75,256|255|255|255,0.0,0.0,0.0,0.4796573900000001
cd/490281,100,75,223|168|195|236,0.0,0.0,0.0,0.6666666600000001
cd/490282,100,75,237|241|251|254,0.005,0.665,1.0,0.38374718
cd/490283,100,75,247|246|238|250,0.0,0.0,0.0,0.77598152
cd/490287,100,75,255|254|253|254,0.035,0.04,0.08,0.39085239000000005
cd/490288,100,75,51|123|54|40,0.0,0.0,0.0,0.5625
cd/490290,100,75,245|201|230|240,0.0775,0.08,0.16,0.0
cd/490292,100,75,160|234|229|207,0.1175,0.11,0.22,0.25146198999999997
cd/490296,100,75,254|256|254|254,0.0,0.0,0.0,0.32272727
cd/490297,100,75,234|256|244|245,0.1725,0.34,0.68,0.010958909999999988
cd/490303,100,75,244|255|253|251,0.0175,0.015,0.03,0.027777780000000002
cd/490304,100,75,27|10|17|13,0.0,0.0,0.0,0.78048781
cd/490307,100,75,254|256|255|254,0.0,0.0,0.0,0.51304347
cd/490309,100,75,250|248|231|246,0.0275,0.02,0.04,0.45258621000000004
cd/490312,100,75,246|249|228|245,0.0,0.0,0.0,0.85851319
cd/490313,100,75,252|256|251|252,0.0,0.0,0.0,0.6257928100000001
cd/490315,100,75,246|247|255|253,0.0,0.0,0.0,0.5882353
cd/490316,100,75,237|255|239|245,0.0,0.0,0.0,0.3645084
cd/490317,100,75,249|253|254|255,0.0,0.0,0.0,0.63113007
cd/490320,100,75,16|10|15|15,0.1225,0.09,0.18,0.20454546
cd/490321,100,75,242|247|218|245,0.0,0.0,0.0,0.49249250000000006
cd/490322,100,75,255|256|254|255,0.215,0.58,1.0,0.16326530000000006
cd/490324,100,75,246|224|225|246,0.0,0.0,0.0,0.68271335
cd/490325,100,75,249|253|213|247,0.0,0.0,0.0,0.6241134800000001
cd/490327,100,75,255|256|253|255,0.0525,0.055,0.11,0.34334763999999995
cd/490331,100,75,255|256|255|255,0.0,0.0,0.0,0.16170213
cd/490333,100,75,42|15|43|17,0.055,0.5217,1.0,0.26666667
cd/490334,100,75,220|136|212|223,0.01,0.005,0.01,0.45283019
cd/490335,100,75,256|255|252|254,0.03,0.475,0.95,0.10075565999999997
cd/490337,100,75,256|256|255|253,0.0,0.0,0.0,0.41509434
cd/490338,100,75,254|256|256|256,0.0,0.0,0.0,0.58823529
cd/490339,100,75,222|135|208|222,0.0,0.0,0.0,0.07349081000000002
cd/490340,100,75,226|236|186|228,0.0,0.0,0.0,0.53892216
cd/490341,100,75,255|255|255|251,0.0,0.6667,1.0,0.20224719000000002
cd/490342,100,75,240|252|208|225,0.2525,0.625,0.99,0.031007759999999995
cd/490343,100,75,248|249|234|249,0.0,0.0,0.0,0.5300207
cd/490344,100,75,249|252|237|251,0.0,0.0,0.0,0.8408551
cd/490347,100,75,256|256|255|255,0.0,0.0,0.0,0.51037345
cd/490348,100,75,251|256|252|255,0.0,0.0,0.0,0.68409586
cd/490351,100,75,223|219|131|178,0.0,0.0,0.0,0.20668693
cd/490353,100,75,243|199|195|230,0.0,0.0,0.0,0.5301204799999999
cd/490354,100,75,256|256|253|255,0.0,0.0,0.0,0.13478261000000002
cd/490356,100,75,222|245|193|230,0.0,0.0,0.0,0.55263158
cd/490357,100,75,250|256|255|254,0.0,0.0,0.0,0.58422175
cd/490360,100,75,119|28|65|123,0.19,0.33,0.66,0.28054299000000005
cd/490361,100,75,241|244|214|243,0.0,0.0,0.0,0.93857494
cd/490363,100,75,256|256|255|256,0.0025,0.005,0.01,0.25409836
cd/490199,125,50,230|192|230|93,0.0,0.0,0.0,0.28346456999999997
cd/490201,125,50,254|256|256|255,0.0,0.0,0.0,0.14137214999999997
cd/490202,125,50,236|235|242|256,0.0,0.0,0.0,0.9834254200000001
cd/490203,125,50,139|98|193|208,0.0075,0.5017,1.0,0.08443272000000002
cd/490204,125,50,255|256|255|256,0.0,0.0,0.0,0.28099174000000005
cd/490205,125,50,241|246|250|230,0.0,0.0,0.0,0.23201856000000004
cd/490206,125,50,252|252|251|252,0.0,0.0,0.0,0.49896050000000003
cd/490207,125,50,246|250|244|252,0.0075,0.015,0.03,0.34567901
cd/490208,125,50,244|250|245|216,0.0825,0.4,0.8,0.30071598999999993
cd/490211,125,50,256|256|255|256,0.0,0.0,0.0,0.6185567
cd/490212,125,50,256|256|255|256,0.03,0.5017,0.99,0.26774847999999996
cd/490213,125,50,255|255|256|255,0.08,0.63,1.0,0.08853118999999998
cd/490214,125,50,238|245|239|247,0.0,0.0,0.0,0.95571095
cd/490215,125,50,253|256|256|256,0.0,0.0,0.0,0.74949084
cd/490217,125,50,250|253|242|251,0.0,0.0,0.0,0.30598669999999994
cd/490219,125,50,248|252|248|256,0.0,0.0,0.0,0.18181817999999994
cd/490221,125,50,247|253|256|255,0.0,0.0,0.0,0.75052411
cd/490225,125,50,249|256|255|256,0.0,0.0,0.0,0.6488706399999999
cd/490227,125,50,254|255|256|256,0.235,0.6633,1.0,0.03636364000000003
cd/490228,125,50,250|255|255|256,0.03,0.02,0.04,0.42332612999999997
cd/490229,125,50,250|250|255|256,0.0,0.0,0.0,0.17672414000000003
cd/490231,125,50,253|255|256|256,0.0,0.0,0.0,0.52459017
cd/490232,125,50,226|247|242|244,0.0,0.0,0.0,0.99150142
cd/490233,125,50,255|255|256|256,0.0,0.0,0.0,0.55913979
cd/490234,125,50,250|255|255|255,0.0,0.0,0.0,0.4989775
cd/490235,125,50,255|256|256|256,0.0,0.0,0.0,0.6388309
cd/490236,125,50,256|254|256|256,0.0,0.0,0.0,0.44303797
cd/490237,125,50,240|244|249|253,0.0,0.0,0.0,0.98351648
cd/490239,125,50,121|135|84|56,0.0,0.0,0.0,0.77876106
cd/490240,125,50,250|252|251|254,0.0,0.0,0.0,0.7799564299999999
cd/490241,125,50,255|255|256|255,0.0,0.0,0.0,0.6277666
cd/490243,125,50,251|256|254|255,0.22,0.275,0.55,0.69776876
cd/490245,125,50,255|256|256|256,0.0,0.0,0.0,0.44489796
cd/490246,125,50,255|256|256|256,0.0,0.0,0.0,0.6252504999999999
cd/490248,125,50,207|169|171|177,0.0,0.0,0.0,0.25136611999999997
cd/490249,125,50,254|254|255|256,0.0,0.0,0.0,0.5784114100000001
cd/490256,125,50,256|256|255|256,0.0,0.0,0.0,0.64788733
cd/490258,125,50,254|256|256|256,0.0,0.0,0.0,0.6394849800000001
cd/490259,125,50,218|238|230|193,0.0,0.0,0.0,0.89223058
cd/490260,125,50,208|223|205|231,0.0,0.5,1.0,0.5177111700000001
cd/490261,125,50,252|256|254|256,0.0,0.0,0.0,0.7484909399999999
cd/490262,125,50,48|41|32|85,0.0275,0.5083,1.0,0.48128342
cd/490263,125,50,256|256|256|256,0.0,0.0,0.0,0.44979919
cd/490266,125,50,233|242|237|217,0.0,0.0,0.0,0.54342985
cd/490267,125,50,253|255|255|255,0.0,0.0,0.0,0.46960166999999997
cd/490268,125,50,217|208|232|244,0.0,0.5,1.0,0.69629629
cd/490270,125,50,225|229|218|208,0.0,0.0,0.0,0.45303867999999997
cd/490271,125,50,254|249|256|256,0.0,0.0,0.0,0.5090909100000001
cd/490274,125,50,240|215|219|202,0.0,0.0,0.0,0.8882978699999999
cd/490275,125,50,121|126|56|50,0.0,0.0,0.0,0.9038461600000001
cd/490276,125,50,256|256|256|256,0.0,0.0,0.0,0.74251497
cd/490279,125,50,254|255|255|254,0.0,0.0,0.0,0.55626327
cd/490280,125,50,256|256|256|255,0.0,0.0,0.0,0.57884231
cd/490281,125,50,223|210|177|120,0.0,0.0,0.0,0.72817955
cd/490282,125,50,237|255|253|255,0.0,0.0,0.0,0.11273485999999999
cd/490283,125,50,247|253|249|254,0.0,0.0,0.0,0.9016018400000001
cd/490287,125,50,255|256|255|256,0.0,0.0,0.0,0.61795407
cd/490288,125,50,51|43|19|23,0.0,0.0,0.0,0.75
cd/490290,125,50,245|248|243|156,0.0,0.0,0.0,0.023752969999999984
cd/490292,125,50,160|200|203|211,0.0,0.5,1.0,0.14358973999999997
cd/490296,125,50,254|256|256|256,0.0,0.0,0.0,0.44855967
cd/490297,125,50,234|246|245|254,0.0,0.5,1.0,0.27078385
cd/490303,125,50,244|254|251|256,0.0,0.5,1.0,0.24444445000000004
cd/490304,125,50,27|12|6|12,0.0,0.0,0.0,0.7272727299999999
cd/490307,125,50,254|256|255|256,0.0,0.0,0.0,0.5400843900000001
cd/490309,125,50,250|249|250|237,0.0,0.0,0.0,0.50627615
cd/490312,125,50,246|236|253|256,0.0,0.0,0.0,0.76321839
cd/490313,125,50,252|256|256|255,0.0,0.0,0.0,0.48879837
cd/490315,125,50,246|254|253|255,0.0,0.0,0.0,0.67617108
cd/490316,125,50,237|256|247|253,0.035,0.6583,1.0,0.37413395000000005
cd/490317,125,50,249|256|255|254,0.0,0.0,0.0,0.70020965
cd/490321,125,50,242|233|249|246,0.0,0.0,0.0,0.57817109
cd/490322,125,50,255|256|256|256,0.0875,0.08,0.16,0.040404039999999974
cd/490324,125,50,246|235|245|254,0.0,0.0,0.0,0.66090713
cd/490325,125,50,249|251|251|253,0.0,0.0,0.0,0.73007712
cd/490327,125,50,255|256|256|256,0.0,0.0,0.0,0.38461539
cd/490331,125,50,255|256|256|256,0.0,0.0,0.0,0.22177420000000003
cd/490333,125,50,42|15|16|9,0.195,0.38,0.73,0.10101011000000004
cd/490334,125,50,220|124|165|133,0.05,0.035,0.07,0.45742093
cd/490335,125,50,256|255|256|255,0.16,0.6117,1.0,0.35789473000000005
cd/490337,125,50,256|256|256|256,0.0,0.0,0.0,0.50301811
cd/490338,125,50,254|256|256|256,0.0,0.0,0.0,0.52066116
cd/490339,125,50,222|126|176|145,0.0,0.0,0.0,0.58275058
cd/490340,125,50,226|233|236|238,0.0,0.0,0.0,0.73118279
cd/490341,125,50,255|255|255|252,0.0,0.5,1.0,0.13496932
cd/490342,125,50,240|247|233|245,0.305,0.2583,0.49,0.009638550000000023
cd/490343,125,50,248|256|254|256,0.0,0.0,0.0,0.7300215999999999
cd/490344,125,50,249|252|254|256,0.0975,0.41,0.82,0.80174292
cd/490347,125,50,256|256|256|256,0.0,0.0,0.0,0.56626506
cd/490348,125,50,251|254|255|254,0.0,0.0,0.0,0.81437125
cd/490351,125,50,223|189|186|66,0.0,0.0,0.0,0.49541283999999997
cd/490352,125,50,35|88|53|80,0.0,0.0,0.0,0.5822784799999999
cd/490353,125,50,243|239|237|107,0.0,0.0,0.0,0.67303102
cd/490354,125,50,256|256|256|256,0.045,0.035,0.07,0.2885375499999999
cd/490356,125,50,222|231|227|198,0.0,0.0,0.0,0.74384236
cd/490357,125,50,250|253|256|255,0.0,0.0,0.0,0.59634889
cd/490360,125,50,119|141|91|99,0.0,0.0,0.0,0.55614973
cd/490361,125,50,241|235|246|235,0.0,0.0,0.0,0.9582417599999999
cd/490363,125,50,256|256|256|256,0.0,0.0,0.0,0.3935743
cd/490199,150,25,230|241|222|229,0.0,0.5,1.0,0.16252821999999995
cd/490201,150,25,254|255|256|253,0.0,0.5,1.0,0.2632613
cd/490202,150,25,236|242|249|238,0.0,0.0,0.0,0.9955357199999999
cd/490203,150,25,139|119|201|166,0.08,0.095,0.19,0.34834835
cd/490204,150,25,255|252|256|256,0.0375,0.465,0.93,0.31640624000000006
cd/490205,150,25,241|250|251|240,0.0,0.5,1.0,0.13894737000000001
cd/490206,150,25,252|251|252|252,0.0,0.0,0.0,0.69033531
cd/490207,150,25,246|252|245|245,0.0125,0.01,0.02,0.37632136
cd/490208,150,25,244|244|241|240,0.2175,0.23,0.46,0.52609603
cd/490211,150,25,256|255|256|255,0.0,0.0,0.0,0.7740667999999999
cd/490212,150,25,256|254|256|255,0.1575,0.6133,1.0,0.12085769999999996
cd/490213,150,25,255|255|255|254,0.2425,0.5867,1.0,0.03168315999999999
cd/490214,150,25,238|247|251|241,0.0,0.0,0.0,0.98481562
cd/490215,150,25,253|256|256|251,0.0,0.0,0.0,0.89980354
cd/490217,150,25,250|248|252|249,0.0,0.0,0.0,0.40670860000000003
cd/490219,150,25,248|252|251|249,0.0,0.0,0.0,0.3312369
cd/490221,150,25,247|254|255|250,0.0,0.0,0.0,0.8121212099999999
cd/490225,150,25,249|256|254|254,0.0,0.0,0.0,0.8481262300000001
cd/490227,150,25,254|256|255|255,0.0,0.5,1.0,0.01571708999999999
cd/490228,150,25,250|254|254|248,0.0175,0.01,0.02,0.32064128
cd/490229,150,25,250|254|255|248,0.0,0.0,0.0,0.48360656
cd/490231,150,25,253|256|256|256,0.0,0.0,0.0,0.6259842499999999
cd/490232,150,25,226|240|249|233,0.0,0.0,0.0,0.99307159
cd/490233,150,25,255|254|255|256,0.0,0.0,0.0,0.72583827
cd/490234,150,25,250|254|256|252,0.0,0.0,0.0,0.7251462
cd/490235,150,25,255|256|256|255,0.0,0.0,0.0,0.80539499
cd/490236,150,25,256|252|256|254,0.0,0.0,0.0,0.58754864
cd/490237,150,25,240|248|252|244,0.0,0.0,0.0,0.9957265
cd/490239,150,25,121|88|13|104,0.0,0.0,0.0,0.87804878
cd/490240,150,25,250|254|253|247,0.0,0.0,0.0,0.93555093
cd/490241,150,25,255|254|256|255,0.0,0.0,0.0,0.78500986
cd/490243,150,25,251|251|256|249,0.0,0.0,0.0,0.7648261700000001
cd/490245,150,25,255|256|255|255,0.0,0.0,0.0,0.61478599
cd/490246,150,25,255|256|256|255,0.0,0.0,0.0,0.83365949
cd/490248,150,25,207|213|175|208,0.0025,0.0,0.0,0.27751196
cd/490249,150,25,254|255|256|253,0.0,0.0,0.0,0.75633529
cd/490256,150,25,256|256|256|252,0.0,0.0,0.0,0.84210527
cd/490258,150,25,254|256|256|254,0.0,0.0,0.0,0.8515625
cd/490259,150,25,218|250|227|225,0.0,0.0,0.0,0.89638554
cd/490260,150,25,208|193|206|194,0.0,0.0,0.0,0.58267717
cd/490261,150,25,252|255|255|251,0.0,0.0,0.0,0.73852296
cd/490262,150,25,48|25|27|49,0.29,0.3283,0.62,0.57364341
cd/490263,150,25,256|256|256|256,0.0,0.0,0.0,0.6614785999999999
cd/490266,150,25,233|229|215|234,0.0,0.0,0.0,0.77505567
cd/490267,150,25,253|252|256|254,0.0,0.0,0.0,0.79452055
cd/490268,150,25,217|197|221|205,0.0,0.0,0.0,0.8463357
cd/490270,150,25,225|238|236|227,0.0,0.0,0.0,0.84444444
cd/490271,150,25,254|254|254|255,0.0,0.0,0.0,0.77534792
cd/490274,150,25,240|245|252|229,0.0,0.0,0.0,0.96566524
cd/490275,150,25,121|124|60|107,0.0,0.0,0.0,0.9382716
cd/490276,150,25,256|256|256|255,0.0,0.0,0.0,0.84600389
cd/490279,150,25,254|253|248|249,0.0,0.0,0.0,0.6899384
cd/490280,150,25,256|255|256|256,0.0,0.0,0.0,0.77317554
cd/490281,150,25,223|221|233|229,0.0,0.0,0.0,0.83370288
cd/490282,150,25,237|254|253|246,0.0,0.5,1.0,0.04444444000000003
cd/490283,150,25,247|252|255|246,0.0,0.0,0.0,0.86315789
cd/490287,150,25,255|254|256|254,0.0,0.0,0.0,0.5742574300000001
cd/490288,150,25,51|48|77|65,0.0,0.0,0.0,0.95192307
cd/490290,150,25,245|248|249|237,0.0,0.0,0.0,0.44776119
cd/490292,150,25,160|160|218|154,0.0,0.0,0.0,0.45893719
cd/490296,150,25,254|255|256|255,0.0,0.0,0.0,0.7237354100000001
cd/490297,150,25,234|244|242|242,0.0,0.0,0.0,0.49670329999999996
cd/490303,150,25,244|253|255|253,0.0,0.0,0.0,0.54508197
cd/490304,150,25,27|25|6|21,0.0,0.0,0.0,0.79245283
cd/490307,150,25,254|256|256|255,0.0,0.0,0.0,0.6929133900000001
cd/490309,150,25,250|246|234|246,0.0,0.0,0.0,0.66530612
cd/490312,150,25,246|254|251|245,0.0,0.0,0.0,0.84407484
cd/490313,150,25,252|255|255|254,0.0,0.0,0.0,0.73009708
cd/490315,150,25,246|250|253|251,0.0,0.0,0.0,0.8622754499999999
cd/490316,150,25,237|243|253|241,0.0,0.0,0.0,0.52025586
cd/490317,150,25,249|255|254|252,0.0,0.0,0.0,0.8605108
cd/490320,150,25,16|15|9|15,0.2675,0.1933,0.37,0.43333333999999996
cd/490321,150,25,242|250|236|233,0.0,0.0,0.0,0.81755196
cd/490322,150,25,255|254|255|254,0.1025,0.5317,1.0,0.058939099999999967
cd/490324,150,25,246|250|255|250,0.0,0.0,0.0,0.7959596
cd/490325,150,25,249|252|252|246,0.0,0.0,0.0,0.71698113
cd/490327,150,25,255|255|256|255,0.0,0.0,0.0,0.59533074
cd/490331,150,25,255|256|256|255,0.0,0.0,0.0,0.41860465
cd/490334,150,25,220|218|193|216,0.155,0.165,0.33,0.3926097
cd/490335,150,25,256|255|255|252,0.0525,0.5167,1.0,0.40159046
cd/490337,150,25,256|255|256|256,0.0,0.0,0.0,0.6340508899999999
cd/490338,150,25,254|256|256|255,0.0,0.0,0.0,0.6614786
cd/490339,150,25,222|212|199|218,0.0,0.0,0.0,0.7964989100000001
cd/490340,150,25,226|249|235|231,0.0,0.0,0.0,0.90740741
cd/490341,150,25,255|255|251|255,0.0075,0.5033,1.0,0.26120857999999997
cd/490342,150,25,240|238|210|235,0.4425,0.455,0.82,0.09699769000000003
cd/490343,150,25,248|253|250|253,0.0,0.0,0.0,0.89613034
cd/490344,150,25,249|256|251|245,0.0,0.0,0.0,0.91170431
cd/490347,150,25,256|256|256|256,0.0,0.0,0.0,0.68217054
cd/490348,150,25,251|253|255|252,0.0,0.0,0.0,0.9112426
cd/490351,150,25,223|190|183|202,0.0,0.0,0.0,0.7822014
cd/490352,150,25,35|36|14|47,0.0,0.0,0.0,0.7999999999999999
cd/490353,150,25,243|243|223|227,0.0,0.0,0.0,0.9450549500000001
cd/490354,150,25,256|256|256|255,0.0,0.0,0.0,0.6
cd/490356,150,25,222|221|217|234,0.0,0.0,0.0,0.89473684
cd/490357,150,25,250|254|255|256,0.0,0.0,0.0,0.81091618
cd/490360,150,25,119|74|24|103,0.005,0.005,0.01,0.11299434999999997
cd/490361,150,25,241|248|232|235,0.0,0.0,0.0,0.98434004
cd/490363,150,25,256|256|256|256,0.0,0.0,0.0,0.67181467
