question_id,root,horizon,nominal_budget_per_arm,effective_n_per_arm,half_budget_per_arm,within_flips_trunk,within_flips_seed1,within_flips_seed2,within_flips_seed3,within_flip_rate_max_arm,within_flip_rate_mean_arm,cross_arm_disagree_rate_half_budget,measurement_unstable_ANY,measurement_unstable_MAJORITY,top1_top2_margin,modal_disagreement_full_budget,endpoint_pairwise_js
cd/490199,75,100,256,230|201|209|202,115|100|104|101,0,76,53,75,0.76,0.51,0.9,1,1,0.36474164000000003,1,0.029892645467623366
cd/490201,75,100,256,254|248|255|251,127|124|127|125,0,8,0,0,0.08,0.02,1.0,1,0,0.32533333,1,0.03736936912395941
cd/490202,75,100,256,236|233|231|235,118|116|115|117,0,0,0,0,0.0,0.0,0.0,0,0,0.8623188399999999,0,4.778393438284592e-08
cd/490203,75,100,256,139|175|204|170,69|87|102|85,0,0,56,10,0.56,0.165,0.99,1,1,0.12286689,1,0.01594535326924534
cd/490204,75,100,256,255|251|256|252,127|125|128|126,0,0,0,0,0.0,0.0,0.0,0,0,0.08968609999999999,0,0.011626097714666378
cd/490205,75,100,256,241|239|246|228,120|119|123|114,0,0,86,0,0.86,0.215,1.0,1,1,0.20433436,1,0.017756027634687758
cd/490206,75,100,256,252|249|253|247,126|124|126|123,0,0,0,0,0.0,0.0,0.0,0,0,0.29698376000000004,0,0.0073980650142799935
cd/490207,75,100,256,246|226|249|216,123|113|124|108,0,0,0,0,0.0,0.0,0.0,0,0,0.43187661,0,0.014704612688719726
cd/490208,75,100,256,244|235|241|225,122|117|120|112,0,0,0,0,0.0,0.0,0.0,0,0,0.26858512999999995,0,0.013174421241331431
cd/490211,75,100,256,256|254|255|254,128|127|127|127,0,0,0,0,0.0,0.0,0.0,0,0,0.6143187099999999,0,0.004707880458348231
cd/490212,75,100,256,256|252|255|256,128|126|127|128,1,0,0,0,0.01,0.0025,1.0,1,0,0.24724062000000002,1,0.02249985997333932
cd/490213,75,100,256,255|248|253|240,127|124|126|120,0,0,1,91,0.91,0.23,1.0,1,1,0.03636364,1,0.04230713922203606
cd/490214,75,100,256,238|231|248|229,119|115|124|114,0,0,0,0,0.0,0.0,0.0,0,0,0.87534626,0,0.0032550766689841523
cd/490215,75,100,256,253|250|255|245,126|125|127|122,0,0,0,0,0.0,0.0,0.0,0,0,0.6992665100000001,0,0.014785491211154266
cd/490217,75,100,256,250|232|237|236,125|116|118|118,0,0,0,0,0.0,0.0,0.0,0,0,0.6037735799999999,0,0.005572431538953082
cd/490219,75,100,256,248|240|242|229,124|120|121|114,0,1,0,0,0.01,0.0025,0.01,1,0,0.22653721999999998,0,0.013111804621732287
cd/490221,75,100,256,247|252|254|238,123|126|127|119,0,0,0,0,0.0,0.0,0.0,0,0,0.77149877,0,0.004587918131747541
cd/490225,75,100,256,249|244|255|245,124|122|127|122,0,0,0,0,0.0,0.0,0.0,0,0,0.6636971,0,0.009026873250070311
cd/490227,75,100,256,254|249|256|254,127|124|128|127,0,39,68,72,0.72,0.4475,0.9,1,1,0.15704388000000002,1,0.02118894868432908
cd/490228,75,100,256,250|248|250|250,125|124|125|125,6,0,0,0,0.06,0.015,0.02,1,0,0.06015038,0,0.01501951414428066
cd/490229,75,100,256,250|233|253|227,125|116|126|113,0,0,0,0,0.0,0.0,0.0,0,0,0.37714285999999997,0,0.024106024522183248
cd/490231,75,100,256,253|251|255|248,126|125|127|124,0,0,0,0,0.0,0.0,0.0,0,0,0.52631579,0,0.011802992099095628
cd/490232,75,100,256,226|220|229|234,113|110|114|117,0,0,0,0,0.0,0.0,0.0,0,0,0.9861751200000001,0,7.227097265607077e-07
cd/490233,75,100,256,255|248|251|254,127|124|125|127,0,0,0,0,0.0,0.0,0.0,0,0,0.6861313899999999,0,0.015127849554946317
cd/490234,75,100,256,250|251|253|252,125|125|126|126,0,0,0,0,0.0,0.0,0.0,0,0,0.61042184,0,0.011308180788712235
cd/490235,75,100,256,255|253|253|250,127|126|126|125,0,0,0,0,0.0,0.0,0.0,0,0,0.58901099,0,0.010591270544701346
cd/490236,75,100,256,256|248|255|254,128|124|127|127,0,0,0,0,0.0,0.0,0.0,0,0,0.23423424000000004,0,0.016723185118987877
cd/490237,75,100,256,240|228|234|226,120|114|117|113,0,0,0,0,0.0,0.0,0.0,0,0,0.9705882400000001,0,0.0002956934983385431
cd/490239,75,100,256,121|54|67|75,60|27|33|37,0,0,0,0,0.0,0.0,0.0,0,0,0.7745664699999999,0,0.0021219784570263027
cd/490240,75,100,256,250|236|253|237,125|118|126|118,0,0,0,0,0.0,0.0,0.0,0,0,0.60689655,0,0.0031529653043508507
cd/490241,75,100,256,255|254|256|249,127|127|128|124,0,0,0,0,0.0,0.0,0.0,0,0,0.47002399000000006,0,0.004506921492820644
cd/490243,75,100,256,251|248|252|247,125|124|126|123,0,0,0,0,0.0,0.0,0.0,0,0,0.33256350999999995,0,0.012379981394694034
cd/490245,75,100,256,255|250|255|250,127|125|127|125,0,0,0,0,0.0,0.0,0.0,0,0,0.40444444,0,0.0173978932007148
cd/490246,75,100,256,255|252|256|246,127|126|128|123,0,0,0,0,0.0,0.0,0.0,0,0,0.64459161,0,0.00806606391611286
cd/490248,75,100,256,207|214|169|204,103|107|84|102,2,10,0,46,0.46,0.145,0.96,1,0,0.16766467999999995,1,0.009484725249915503
cd/490249,75,100,256,254|248|256|245,127|124|128|122,0,0,0,0,0.0,0.0,0.0,0,0,0.5340050399999999,0,0.011423043610553303
cd/490254,75,100,256,4|19|4|21,2|9|2|10,0,0,0,0,0.0,0.0,0.0,0,0,0.52631579,0,0.020627683660005443
cd/490256,75,100,256,256|253|256|251,128|126|128|125,0,0,0,0,0.0,0.0,0.0,0,0,0.44083526,0,0.010624806841373098
cd/490258,75,100,256,254|251|256|254,127|125|128|127,0,0,0,0,0.0,0.0,0.0,0,0,0.55329949,0,0.008991066447491482
cd/490259,75,100,256,218|227|216|207,109|113|108|103,0,0,0,0,0.0,0.0,0.0,0,0,0.8745247100000001,0,0.0032337496964888143
cd/490260,75,100,256,208|219|230|214,104|109|115|107,0,0,0,0,0.0,0.0,0.0,0,0,0.6138613900000001,0,0.01097491559096351
cd/490261,75,100,256,252|248|255|250,126|124|127|125,0,0,0,0,0.0,0.0,0.0,0,0,0.44964870999999995,0,0.013472015014856157
cd/490262,75,100,256,48|117|39|105,24|58|19|52,13,0,1,0,0.13,0.035,0.06,1,0,0.49469965000000005,0,0.04239253859317546
cd/490263,75,100,256,256|254|255|252,128|127|127|126,0,0,0,0,0.0,0.0,0.0,0,0,0.22553191999999997,0,0.021308237494753125
cd/490266,75,100,256,233|213|235|205,116|106|117|102,0,0,0,0,0.0,0.0,0.0,0,0,0.32318501,0,0.03334724067077672
cd/490267,75,100,256,253|246|254|251,126|123|127|125,0,0,0,0,0.0,0.0,0.0,0,0,0.5632458300000001,0,0.008922456885793328
cd/490268,75,100,256,217|218|239|182,108|109|119|91,0,0,0,0,0.0,0.0,0.0,0,0,0.51383399,0,0.019706017746305853
cd/490270,75,100,256,225|227|193|215,112|113|96|107,0,0,0,0,0.0,0.0,0.0,0,0,0.37795276000000005,0,0.004900692691312466
cd/490271,75,100,256,254|250|254|242,127|125|127|121,0,0,0,0,0.0,0.0,0.0,0,0,0.39455781999999995,0,0.008818196080616595
cd/490274,75,100,256,240|213|186|206,120|106|93|103,0,0,0,0,0.0,0.0,0.0,0,0,0.65536723,0,0.0030283115315425835
cd/490275,75,100,256,121|77|53|79,60|38|26|39,0,0,0,0,0.0,0.0,0.0,0,0,0.7,0,0.0034643915581323223
cd/490276,75,100,256,256|254|255|254,128|127|127|127,0,0,0,0,0.0,0.0,0.0,0,0,0.78048781,0,0.008984579026854808
cd/490279,75,100,256,254|241|254|245,127|120|127|122,0,0,0,0,0.0,0.0,0.0,0,0,0.36568848000000004,0,0.01000118555988632
cd/490280,75,100,256,256|254|254|252,128|127|127|126,0,0,0,0,0.0,0.0,0.0,0,0,0.36203091,0,0.0072199212439639044
cd/490281,75,100,256,223|198|210|221,111|99|105|110,0,0,0,0,0.0,0.0,0.0,0,0,0.69053709,0,0.01722025033817459
cd/490282,75,100,256,237|233|251|241,118|116|125|120,0,97,14,0,0.97,0.2775,1.0,1,1,0.44819276999999996,1,0.049679545247567465
cd/490283,75,100,256,247|239|249|238,123|119|124|119,0,0,0,0,0.0,0.0,0.0,0,0,0.67586207,0,0.010800591865882446
cd/490287,75,100,256,255|253|256|249,127|126|128|124,0,0,0,0,0.0,0.0,0.0,0,0,0.45434299,0,0.011819829197853448
cd/490288,75,100,256,51|135|85|153,25|67|42|76,0,0,0,0,0.0,0.0,0.0,0,0,0.6086956499999999,0,0.002411544696550349
cd/490290,75,100,256,245|217|243|216,122|108|121|108,0,64,0,62,0.64,0.315,0.84,1,1,0.18766756,1,0.04233483424692877
cd/490292,75,100,256,160|213|219|167,80|106|109|83,0,0,84,0,0.84,0.21,0.34,1,1,0.05228758,0,0.03611163509713724
cd/490296,75,100,256,254|251|253|255,127|125|126|127,0,0,0,0,0.0,0.0,0.0,0,0,0.22553191,0,0.02443966873727745
cd/490297,75,100,256,234|230|253|216,117|115|126|108,0,0,0,0,0.0,0.0,0.0,0,0,0.043636369999999924,0,0.004091283630392733
cd/490303,75,100,256,244|245|250|250,122|122|125|125,0,0,0,0,0.0,0.0,0.0,0,0,0.05235602000000003,0,0.02395173069579132
cd/490304,75,100,256,27|20|6|11,13|10|3|5,0,0,0,0,0.0,0.0,0.0,0,0,0.68292683,0,0.0280975604482127
cd/490305,75,100,256,4|30|5|11,2|15|2|5,0,0,30,5,0.3,0.0875,0.14,1,0,0.7017543799999999,0,0.045997025117988234
cd/490307,75,100,256,254|254|255|248,127|127|127|124,0,0,0,0,0.0,0.0,0.0,0,0,0.50724638,0,0.0094336174889583
cd/490309,75,100,256,250|240|245|242,125|120|122|121,0,0,42,0,0.42,0.105,0.19,1,0,0.24890830000000003,0,0.043906296658614785
cd/490312,75,100,256,246|221|245|226,123|110|122|113,0,0,0,0,0.0,0.0,0.0,0,0,0.83286119,0,0.002861538928962326
cd/490313,75,100,256,252|249|256|255,126|124|128|127,0,0,0,0,0.0,0.0,0.0,0,0,0.56689342,0,0.0033232381352631493
cd/490315,75,100,256,246|246|253|250,123|123|126|125,0,0,0,0,0.0,0.0,0.0,0,0,0.64965198,0,0.010235814576810146
cd/490316,75,100,256,237|222|240|224,118|111|120|112,0,0,0,0,0.0,0.0,0.0,0,0,0.40481927999999995,0,0.008979522148063324
cd/490317,75,100,256,249|240|255|242,124|120|127|121,0,0,0,0,0.0,0.0,0.0,0,0,0.68765133,0,0.01035373929400649
cd/490320,75,100,256,16|37|10|53,8|18|5|26,0,0,100,1,1.0,0.2525,0.44,1,1,0.30000000000000004,0,0.017486761876619277
cd/490321,75,100,256,242|189|233|197,121|94|116|98,0,0,81,0,0.81,0.2025,0.54,1,1,0.50859107,1,0.05442984933405606
cd/490322,75,100,256,255|250|253|241,127|125|126|120,0,1,0,0,0.01,0.0025,1.0,1,0,0.28103044000000005,1,0.03495897742783772
cd/490324,75,100,256,246|243|235|235,123|121|117|117,0,0,0,0,0.0,0.0,0.0,0,0,0.71588367,0,0.010840575441573805
cd/490325,75,100,256,249|234|237|233,124|117|118|116,0,0,0,0,0.0,0.0,0.0,0,0,0.5263157900000001,0,0.027235389675389507
cd/490327,75,100,256,255|250|255|254,127|125|127|127,0,0,1,0,0.01,0.0025,0.01,1,0,0.23706896999999993,0,0.025877156800786894
cd/490331,75,100,256,255|252|254|253,127|126|127|126,0,0,4,0,0.04,0.01,0.0,1,0,0.13157895000000003,0,0.03426483783664227
cd/490333,75,100,256,42|34|25|30,21|17|12|15,1,0,21,51,0.51,0.1825,0.91,1,1,0.4950495100000001,1,0.03634558013412509
cd/490334,75,100,256,220|184|170|208,110|92|85|104,0,0,0,0,0.0,0.0,0.0,0,0,0.03458213999999998,0,0.010935262425225072
cd/490335,75,100,256,256|243|251|244,128|121|125|122,19,0,0,0,0.19,0.0475,0.9,1,0,0.005115089999999989,1,0.030063446859166582
cd/490337,75,100,256,256|253|254|252,128|126|127|126,0,0,0,0,0.0,0.0,0.0,0,0,0.49661399999999994,0,0.006758004409361991
cd/490338,75,100,256,254|249|254|255,127|124|127|127,0,0,0,0,0.0,0.0,0.0,0,0,0.62162162,0,0.003974364888099436
cd/490339,75,100,256,222|208|184|199,111|104|92|99,0,0,0,0,0.0,0.0,0.0,0,0,0.04289544000000001,0,0.008669353159077615
cd/490340,75,100,256,226|214|215|210,113|107|107|105,0,0,0,0,0.0,0.0,0.0,0,0,0.56830601,0,0.005035012543674421
cd/490341,75,100,256,255|248|253|252,127|124|126|126,0,0,0,0,0.0,0.0,1.0,0,0,0.023310019999999987,1,0.05194645353627355
cd/490342,75,100,256,240|206|229|200,120|103|114|100,100,0,12,91,1.0,0.5075,0.7,1,1,0.07430340000000002,1,0.03371971670189022
cd/490343,75,100,256,248|240|235|234,124|120|117|117,0,0,0,0,0.0,0.0,0.0,0,0,0.48140044000000004,0,0.019416594595215327
cd/490344,75,100,256,249|240|253|232,124|120|126|116,0,0,0,0,0.0,0.0,0.0,0,0,0.78510029,0,0.0007791747170942945
cd/490347,75,100,256,256|253|254|253,128|126|127|126,0,0,0,0,0.0,0.0,0.0,0,0,0.3400809699999999,0,0.04426491648918837
cd/490348,75,100,256,251|247|256|246,125|123|128|123,0,0,0,0,0.0,0.0,0.0,0,0,0.5620608899999999,0,0.01252854940744612
cd/490351,75,100,256,223|212|133|184,111|106|66|92,0,0,0,0,0.0,0.0,0.0,0,0,0.020066890000000004,0,0.007027937172109178
cd/490352,75,100,256,35|18|86|18,17|9|43|9,0,0,0,0,0.0,0.0,0.0,0,0,0.6580645199999999,0,0.011782781265130693
cd/490353,75,100,256,243|215|215|200,121|107|107|100,0,0,0,0,0.0,0.0,0.0,0,0,0.5138539,0,0.014154153355319344
cd/490354,75,100,256,256|255|253|249,128|127|126|124,0,0,0,0,0.0,0.0,0.0,0,0,0.025380709999999973,0,0.02421594830013045
cd/490356,75,100,256,222|217|200|216,111|108|100|108,0,0,0,0,0.0,0.0,0.0,0,0,0.39908257,0,0.0012996052795726115
cd/490357,75,100,256,250|246|256|249,125|123|128|124,0,0,0,0,0.0,0.0,0.0,0,0,0.5785876999999999,0,0.012149448742961857
cd/490360,75,100,256,119|122|76|104,59|61|38|52,0,1,0,10,0.1,0.0275,0.99,1,0,0.34024896000000004,1,0.06538486245926799
cd/490361,75,100,256,241|236|239|223,120|118|119|111,0,0,0,0,0.0,0.0,0.0,0,0,0.93112948,0,0.0008191372086749395
cd/490363,75,100,256,256|253|256|253,128|126|128|126,0,0,17,0,0.17,0.0425,0.07,1,0,0.19313303999999998,0,0.0354083583936616
cd/490199,100,75,256,230|175|199|219,115|87|99|109,0,80,37,0,0.8,0.2925,0.93,1,1,0.36211699,1,0.031581079849684654
cd/490201,100,75,256,254|256|255|254,127|128|127|127,0,16,0,0,0.16,0.04,0.93,1,0,0.33259424,1,0.03175976947549071
cd/490202,100,75,256,236|200|203|238,118|100|101|119,0,0,0,0,0.0,0.0,0.0,0,0,0.9556962,0,4.994203008128046e-06
cd/490203,100,75,256,139|201|213|200,69|100|106|100,0,24,0,40,0.4,0.16,1.0,1,0,0.11209439000000004,1,0.02097379150992289
cd/490204,100,75,256,255|256|253|256,127|128|126|128,0,0,76,0,0.76,0.19,0.67,1,1,0.18025751,1,0.0204141775738392
cd/490205,100,75,256,241|241|229|244,120|120|114|122,0,1,0,29,0.29,0.075,1.0,1,0,0.0,1,0.011592266801085554
cd/490206,100,75,256,252|255|254|254,126|127|127|127,0,0,0,0,0.0,0.0,0.0,0,0,0.35220126,0,0.030279075227228464
cd/490207,100,75,256,246|231|222|246,123|115|111|123,0,0,0,0,0.0,0.0,0.0,0,0,0.46851385,0,0.01653072023513201
cd/490208,100,75,256,244|237|223|241,122|118|111|120,0,0,40,0,0.4,0.1,0.75,1,0,0.44097995999999995,1,0.027367264332885458
cd/490211,100,75,256,256|256|255|253,128|128|127|126,0,0,0,0,0.0,0.0,0.0,0,0,0.72643678,0,0.011290795061613151
cd/490212,100,75,256,256|256|255|255,128|128|127|127,0,0,0,38,0.38,0.095,1.0,1,0,0.22222222000000003,1,0.027805845325578
cd/490213,100,75,256,255|256|251|256,127|128|125|128,0,0,0,0,0.0,0.0,1.0,0,0,0.06073753000000001,1,0.09231048929380932
cd/490214,100,75,256,238|246|238|251,119|123|119|125,0,0,0,0,0.0,0.0,0.0,0,0,0.96418733,0,0.016399693677848135
cd/490215,100,75,256,253|256|255|253,126|128|127|126,0,0,0,0,0.0,0.0,0.0,0,0,0.7218390800000001,0,0.015747334523945146
cd/490217,100,75,256,250|240|228|250,125|120|114|125,0,0,0,0,0.0,0.0,0.0,0,0,0.41217798,0,0.005599502114553408
cd/490219,100,75,256,248|243|227|249,124|121|113|124,0,0,53,0,0.53,0.1325,0.69,1,1,0.18798955,1,0.032307110047691386
cd/490221,100,75,256,247|256|250|249,123|128|125|124,0,0,0,0,0.0,0.0,0.0,0,0,0.80387409,0,0.026792702368977447
cd/490225,100,75,256,249|256|254|254,124|128|127|127,0,0,0,0,0.0,0.0,0.0,0,0,0.7182795700000001,0,0.00916055216055989
cd/490227,100,75,256,254|256|255|256,127|128|127|128,0,0,2,0,0.02,0.005,1.0,1,0,0.07572382999999999,1,0.04216728159863473
cd/490228,100,75,256,250|255|253|254,125|127|126|127,5,0,0,0,0.05,0.0125,0.02,1,0,0.17391304000000002,0,0.013923783093022106
cd/490229,100,75,256,250|246|248|252,125|123|124|126,0,0,0,0,0.0,0.0,0.0,0,0,0.25242719,0,0.03200091682856438
cd/490231,100,75,256,253|256|253|255,126|128|126|127,0,0,0,0,0.0,0.0,0.0,0,0,0.5541125499999999,0,0.015091015860485646
cd/490232,100,75,256,226|251|221|241,113|125|110|120,0,0,0,0,0.0,0.0,0.0,0,0,0.9896907199999999,0,3.575353695295146e-06
cd/490233,100,75,256,255|255|255|255,127|127|127|127,0,0,0,0,0.0,0.0,0.0,0,0,0.72437358,0,0.014004145306877144
cd/490234,100,75,256,250|255|254|255,125|127|127|127,0,0,0,0,0.0,0.0,0.0,0,0,0.61149425,0,0.006294169943054407
cd/490235,100,75,256,255|256|255|255,127|128|127|127,0,0,0,0,0.0,0.0,0.0,0,0,0.65075922,0,0.019809162136663196
cd/490236,100,75,256,256|256|253|256,128|128|126|128,0,0,0,0,0.0,0.0,0.0,0,0,0.14285714,0,0.027180580636596993
cd/490237,100,75,256,240|251|228|241,120|125|114|120,0,0,0,0,0.0,0.0,0.0,0,0,0.97902098,0,8.035452591757514e-07
cd/490239,100,75,256,121|24|54|99,60|12|27|49,0,0,0,0,0.0,0.0,0.0,0,0,0.85714286,0,0.0023499075143580505
cd/490240,100,75,256,250|249|241|254,125|124|120|127,0,0,0,0,0.0,0.0,0.0,0,0,0.59060403,0,0.000991615718976816
cd/490241,100,75,256,255|256|254|253,127|128|127|126,0,0,0,0,0.0,0.0,0.0,0,0,0.6263048,0,0.0054328846429513
cd/490243,100,75,256,251|256|250|254,125|128|125|127,0,0,0,0,0.0,0.0,0.0,0,0,0.5507246299999999,0,0.02777045549203269
cd/490245,100,75,256,255|256|256|256,127|128|128|128,0,0,0,0,0.0,0.0,0.0,0,0,0.40248963000000004,0,0.031650092694509746
cd/490246,100,75,256,255|256|255|254,127|128|127|127,0,0,0,0,0.0,0.0,0.0,0,0,0.6263048,0,0.02600893945104313
cd/490248,100,75,256,207|206|157|209,103|103|78|104,0,0,0,0,0.0,0.0,1.0,0,0,0.23030303999999996,1,0.08561325975428286
cd/490249,100,75,256,254|256|250|254,127|128|125|127,0,0,0,0,0.0,0.0,0.0,0,0,0.6637362600000001,0,0.021981584160217758
cd/490256,100,75,256,256|256|254|256,128|128|127|128,0,0,0,0,0.0,0.0,0.0,0,0,0.60125261,0,0.02871966790244447
cd/490258,100,75,256,254|256|254|254,127|128|127|127,0,0,0,0,0.0,0.0,0.0,0,0,0.6504424799999999,0,0.010158526723056045
cd/490259,100,75,256,218|227|193|243,109|113|96|121,0,0,0,0,0.0,0.0,0.0,0,0,0.87761194,0,0.003990693824393279
cd/490260,100,75,256,208|232|221|210,104|116|110|105,0,0,0,0,0.0,0.0,1.0,0,0,0.54492754,1,0.03400172954284517
cd/490261,100,75,256,252|256|255|256,126|128|127|128,0,0,0,0,0.0,0.0,0.0,0,0,0.60393873,0,0.016317176346447484
cd/490262,100,75,256,48|48|79|33,24|24|39|16,11,0,38,1,0.38,0.125,1.0,1,0,0.47904192,1,0.06420673375232304
cd/490263,100,75,256,256|256|255|256,128|128|127|128,0,0,0,0,0.0,0.0,0.0,0,0,0.32786886000000004,0,0.02705191627521739
cd/490266,100,75,256,233|222|227|241,116|111|113|120,0,0,0,0,0.0,0.0,0.0,0,0,0.3862069,0,0.044154662913895935
cd/490267,100,75,256,253|254|253|252,126|127|126|126,0,0,0,0,0.0,0.0,0.0,0,0,0.5193621900000001,0,0.005882409628556596
cd/490268,100,75,256,217|244|221|220,108|122|110|110,0,0,0,0,0.0,0.0,0.0,0,0,0.64126984,0,0.0081616779647802
cd/490270,100,75,256,225|211|190|227,112|105|95|113,0,0,0,0,0.0,0.0,0.0,0,0,0.15972221999999997,0,0.014332577815312756
cd/490271,100,75,256,254|255|245|253,127|127|122|126,0,0,0,0,0.0,0.0,0.0,0,0,0.56455142,0,0.02430820016629075
cd/490274,100,75,256,240|208|201|221,120|104|100|110,0,0,0,0,0.0,0.0,0.0,0,0,0.74863388,0,0.003978566545529017
cd/490275,100,75,256,121|90|44|75,60|45|22|37,0,0,0,0,0.0,0.0,0.0,0,0,0.58181818,0,0.00032343519004199626
cd/490276,100,75,256,256|256|256|256,128|128|128|128,0,0,0,0,0.0,0.0,0.0,0,0,0.82655246,0,0.002360582442856926
cd/490279,100,75,256,254|250|248|253,127|125|124|126,0,0,0,0,0.0,0.0,0.0,0,0,0.4511930599999999,0,0.0248951673034436
cd/490280,100,75,256,256|255|255|255,128|127|127|127,0,0,0,0,0.0,0.0,0.0,0,0,0.4796573900000001,0,0.03127967780261733
cd/490281,100,75,256,223|168|195|236,111|84|97|118,0,0,0,0,0.0,0.0,0.0,0,0,0.6666666600000001,0,0.026132148933677903
cd/490282,100,75,256,237|241|251|254,118|120|125|127,0,0,2,0,0.02,0.005,1.0,1,0,0.38374718,1,0.03324933991356375
cd/490283,100,75,256,247|246|238|250,123|123|119|125,0,0,0,0,0.0,0.0,0.0,0,0,0.77598152,0,0.00894849499199136
cd/490287,100,75,256,255|254|253|254,127|127|126|127,0,14,0,0,0.14,0.035,0.08,1,0,0.39085239000000005,0,0.021648251034927582
cd/490288,100,75,256,51|123|54|40,25|61|27|20,0,0,0,0,0.0,0.0,0.0,0,0,0.5625,0,0.0018684395627743544
cd/490290,100,75,256,245|201|230|240,122|100|115|120,0,0,31,0,0.31,0.0775,0.16,1,0,0.0,0,0.033961056183909946
cd/490292,100,75,256,160|234|229|207,80|117|114|103,0,0,47,0,0.47,0.1175,0.22,1,0,0.25146198999999997,0,0.017415333780325434
cd/490296,100,75,256,254|256|254|254,127|128|127|127,0,0,0,0,0.0,0.0,0.0,0,0,0.32272727,0,0.0346697943291276
cd/490297,100,75,256,234|256|244|245,117|128|122|122,0,0,69,0,0.69,0.1725,0.68,1,1,0.010958909999999988,1,0.023917276849336644
cd/490303,100,75,256,244|255|253|251,122|127|126|125,0,0,7,0,0.07,0.0175,0.03,1,0,0.027777780000000002,0,0.030393442774902215
cd/490304,100,75,256,27|10|17|13,13|5|8|6,0,0,0,0,0.0,0.0,0.0,0,0,0.78048781,0,0.011941182680048006
cd/490307,100,75,256,254|256|255|254,127|128|127|127,0,0,0,0,0.0,0.0,0.0,0,0,0.51304347,0,0.013040438977397565
cd/490309,100,75,256,250|248|231|246,125|124|115|123,0,0,11,0,0.11,0.0275,0.04,1,0,0.45258621000000004,0,0.047598120346897914
cd/490312,100,75,256,246|249|228|245,123|124|114|122,0,0,0,0,0.0,0.0,0.0,0,0,0.85851319,0,0.015541314728636459
cd/490313,100,75,256,252|256|251|252,126|128|125|126,0,0,0,0,0.0,0.0,0.0,0,0,0.6257928100000001,0,0.009747562167007071
cd/490315,100,75,256,246|247|255|253,123|123|127|126,0,0,0,0,0.0,0.0,0.0,0,0,0.5882353,0,0.004275525226951211
cd/490316,100,75,256,237|255|239|245,118|127|119|122,0,0,0,0,0.0,0.0,0.0,0,0,0.3645084,0,0.010181614254321755
cd/490317,100,75,256,249|253|254|255,124|126|127|127,0,0,0,0,0.0,0.0,0.0,0,0,0.63113007,0,0.03843737224415094
cd/490320,100,75,256,16|10|15|15,8|5|7|7,0,49,0,0,0.49,0.1225,0.18,1,0,0.20454546,0,0.01529728270101201
cd/490321,100,75,256,242|247|218|245,121|123|109|122,0,0,0,0,0.0,0.0,0.0,0,0,0.49249250000000006,0,0.022238814008903676
cd/490322,100,75,256,255|256|254|255,127|128|127|127,0,0,0,86,0.86,0.215,1.0,1,1,0.16326530000000006,1,0.0499555057454532
cd/490324,100,75,256,246|224|225|246,123|112|112|123,0,0,0,0,0.0,0.0,0.0,0,0,0.68271335,0,0.0020360612629904892
cd/490325,100,75,256,249|253|213|247,124|126|106|123,0,0,0,0,0.0,0.0,0.0,0,0,0.6241134800000001,0,0.012751675104451734
cd/490327,100,75,256,255|256|253|255,127|128|126|127,0,0,21,0,0.21,0.0525,0.11,1,0,0.34334763999999995,0,0.0300300823007265
cd/490331,100,75,256,255|256|255|255,127|128|127|127,0,0,0,0,0.0,0.0,0.0,0,0,0.16170213,0,0.04650802962557466
cd/490333,100,75,256,42|15|43|17,21|7|21|8,0,0,1,21,0.21,0.055,1.0,1,0,0.26666667,1,0.052943722417030326
cd/490334,100,75,256,220|136|212|223,110|68|106|111,0,4,0,0,0.04,0.01,0.01,1,0,0.45283019,0,0.016460338504613415
cd/490335,100,75,256,256|255|252|254,128|127|126|127,12,0,0,0,0.12,0.03,0.95,1,0,0.10075565999999997,1,0.02863383958662392
cd/490337,100,75,256,256|256|255|253,128|128|127|126,0,0,0,0,0.0,0.0,0.0,0,0,0.41509434,0,0.008628036074916532
cd/490338,100,75,256,254|256|256|256,127|128|128|128,0,0,0,0,0.0,0.0,0.0,0,0,0.58823529,0,0.01831955932537168
cd/490339,100,75,256,222|135|208|222,111|67|104|111,0,0,0,0,0.0,0.0,0.0,0,0,0.07349081000000002,0,0.0258052473674299
cd/490340,100,75,256,226|236|186|228,113|118|93|114,0,0,0,0,0.0,0.0,0.0,0,0,0.53892216,0,0.007488986460745956
cd/490341,100,75,256,255|255|255|251,127|127|127|125,0,0,0,0,0.0,0.0,1.0,0,0,0.20224719000000002,1,0.08267197576839445
cd/490342,100,75,256,240|252|208|225,120|126|104|112,100,0,1,0,1.0,0.2525,0.99,1,1,0.031007759999999995,1,0.05594832890346458
cd/490343,100,75,256,248|249|234|249,124|124|117|124,0,0,0,0,0.0,0.0,0.0,0,0,0.5300207,0,0.026548108635156133
cd/490344,100,75,256,249|252|237|251,124|126|118|125,0,0,0,0,0.0,0.0,0.0,0,0,0.8408551,0,0.010853653395027254
cd/490347,100,75,256,256|256|255|255,128|128|127|127,0,0,0,0,0.0,0.0,0.0,0,0,0.51037345,0,0.05764855892192128
cd/490348,100,75,256,251|256|252|255,125|128|126|127,0,0,0,0,0.0,0.0,0.0,0,0,0.68409586,0,0.028147800333599707
cd/490351,100,75,256,223|219|131|178,111|109|65|89,0,0,0,0,0.0,0.0,0.0,0,0,0.20668693,0,0.01537628200424593
cd/490353,100,75,256,243|199|195|230,121|99|97|115,0,0,0,0,0.0,0.0,0.0,0,0,0.5301204799999999,0,0.01929976855059044
cd/490354,100,75,256,256|256|253|255,128|128|126|127,0,0,0,0,0.0,0.0,0.0,0,0,0.13478261000000002,0,0.026775607527982314
cd/490356,100,75,256,222|245|193|230,111|122|96|115,0,0,0,0,0.0,0.0,0.0,0,0,0.55263158,0,0.0035244042739579133
cd/490357,100,75,256,250|256|255|254,125|128|127|127,0,0,0,0,0.0,0.0,0.0,0,0,0.58422175,0,0.03530196469342732
cd/490360,100,75,256,119|28|65|123,59|14|32|61,0,76,0,0,0.76,0.19,0.66,1,1,0.28054299000000005,1,0.058036596810227166
cd/490361,100,75,256,241|244|214|243,120|122|107|121,0,0,0,0,0.0,0.0,0.0,0,0,0.93857494,0,0.00035770109547456183
cd/490363,100,75,256,256|256|255|256,128|128|127|128,0,0,1,0,0.01,0.0025,0.01,1,0,0.25409836,0,0.03582964684305961
cd/490199,125,50,256,230|192|230|93,115|96|115|46,0,0,0,0,0.0,0.0,0.0,0,0,0.28346456999999997,0,0.026277484228538556
cd/490201,125,50,256,254|256|256|255,127|128|128|127,0,0,0,0,0.0,0.0,0.0,0,0,0.14137214999999997,0,0.019988528073100614
cd/490202,125,50,256,236|235|242|256,118|117|121|128,0,0,0,0,0.0,0.0,0.0,0,0,0.9834254200000001,0,7.817557356701753e-07
cd/490203,125,50,256,139|98|193|208,69|49|96|104,0,3,0,0,0.03,0.0075,1.0,1,0,0.08443272000000002,1,0.06399108607214428
cd/490204,125,50,256,255|256|255|256,127|128|127|128,0,0,0,0,0.0,0.0,0.0,0,0,0.28099174000000005,0,0.009710017111008367
cd/490205,125,50,256,241|246|250|230,120|123|125|115,0,0,0,0,0.0,0.0,0.0,0,0,0.23201856000000004,0,0.006458439447661469
cd/490206,125,50,256,252|252|251|252,126|126|125|126,0,0,0,0,0.0,0.0,0.0,0,0,0.49896050000000003,0,0.02154310174144208
cd/490207,125,50,256,246|250|244|252,123|125|122|126,0,0,0,3,0.03,0.0075,0.03,1,0,0.34567901,0,0.057395600241293275
cd/490208,125,50,256,244|250|245|216,122|125|122|108,0,0,0,33,0.33,0.0825,0.8,1,0,0.30071598999999993,1,0.03601618423708799
cd/490211,125,50,256,256|256|255|256,128|128|127|128,0,0,0,0,0.0,0.0,0.0,0,0,0.6185567,0,0.006866335006282777
cd/490212,125,50,256,256|256|255|256,128|128|127|128,0,0,1,11,0.11,0.03,0.99,1,0,0.26774847999999996,1,0.013336669617657648
cd/490213,125,50,256,255|255|256|255,127|127|128|127,0,13,19,0,0.19,0.08,1.0,1,0,0.08853118999999998,1,0.04539538775244956
cd/490214,125,50,256,238|245|239|247,119|122|119|123,0,0,0,0,0.0,0.0,0.0,0,0,0.95571095,0,0.0006478096342135623
cd/490215,125,50,256,253|256|256|256,126|128|128|128,0,0,0,0,0.0,0.0,0.0,0,0,0.74949084,0,0.03288996257509198
cd/490217,125,50,256,250|253|242|251,125|126|121|125,0,0,0,0,0.0,0.0,0.0,0,0,0.30598669999999994,0,0.008583378785343663
cd/490219,125,50,256,248|252|248|256,124|126|124|128,0,0,0,0,0.0,0.0,0.0,0,0,0.18181817999999994,0,0.02245670363555997
cd/490221,125,50,256,247|253|256|255,123|126|128|127,0,0,0,0,0.0,0.0,0.0,0,0,0.75052411,0,0.022130249300232874
cd/490225,125,50,256,249|256|255|256,124|128|127|128,0,0,0,0,0.0,0.0,0.0,0,0,0.6488706399999999,0,0.00931309324052953
cd/490227,125,50,256,254|255|256|256,127|127|128|128,0,0,94,0,0.94,0.235,1.0,1,1,0.03636364000000003,1,0.08136302009823361
cd/490228,125,50,256,250|255|255|256,125|127|127|128,12,0,0,0,0.12,0.03,0.04,1,0,0.42332612999999997,0,0.002080723692506645
cd/490229,125,50,256,250|250|255|256,125|125|127|128,0,0,0,0,0.0,0.0,0.0,0,0,0.17672414000000003,0,0.03413714652668646
cd/490231,125,50,256,253|255|256|256,126|127|128|128,0,0,0,0,0.0,0.0,0.0,0,0,0.52459017,0,0.021125682917100198
cd/490232,125,50,256,226|247|242|244,113|123|121|122,0,0,0,0,0.0,0.0,0.0,0,0,0.99150142,0,1.6632242385898778e-06
cd/490233,125,50,256,255|255|256|256,127|127|128|128,0,0,0,0,0.0,0.0,0.0,0,0,0.55913979,0,0.004388434881678767
cd/490234,125,50,256,250|255|255|255,125|127|127|127,0,0,0,0,0.0,0.0,0.0,0,0,0.4989775,0,0.002895063098450277
cd/490235,125,50,256,255|256|256|256,127|128|128|128,0,0,0,0,0.0,0.0,0.0,0,0,0.6388309,0,0.010570280922746547
cd/490236,125,50,256,256|254|256|256,128|127|128|128,0,0,0,0,0.0,0.0,0.0,0,0,0.44303797,0,0.009326238516897295
cd/490237,125,50,256,240|244|249|253,120|122|124|126,0,0,0,0,0.0,0.0,0.0,0,0,0.98351648,0,2.673810358450318e-07
cd/490239,125,50,256,121|135|84|56,60|67|42|28,0,0,0,0,0.0,0.0,0.0,0,0,0.77876106,0,0.00044036199261932133
cd/490240,125,50,256,250|252|251|254,125|126|125|127,0,0,0,0,0.0,0.0,0.0,0,0,0.7799564299999999,0,0.0014729662983227008
cd/490241,125,50,256,255|255|256|255,127|127|128|127,0,0,0,0,0.0,0.0,0.0,0,0,0.6277666,0,0.00802654117552222
cd/490243,125,50,256,251|256|254|255,125|128|127|127,0,88,0,0,0.88,0.22,0.55,1,1,0.69776876,1,0.0251810191785449
cd/490245,125,50,256,255|256|256|256,127|128|128|128,0,0,0,0,0.0,0.0,0.0,0,0,0.44489796,0,0.004702060602298671
cd/490246,125,50,256,255|256|256|256,127|128|128|128,0,0,0,0,0.0,0.0,0.0,0,0,0.6252504999999999,0,0.010648579423336732
cd/490248,125,50,256,207|169|171|177,103|84|85|88,0,0,0,0,0.0,0.0,0.0,0,0,0.25136611999999997,0,0.02132954243673668
cd/490249,125,50,256,254|254|255|256,127|127|127|128,0,0,0,0,0.0,0.0,0.0,0,0,0.5784114100000001,0,0.004094196688933169
cd/490256,125,50,256,256|256|255|256,128|128|127|128,0,0,0,0,0.0,0.0,0.0,0,0,0.64788733,0,0.01370369511579203
cd/490258,125,50,256,254|256|256|256,127|128|128|128,0,0,0,0,0.0,0.0,0.0,0,0,0.6394849800000001,0,0.004791572164064882
cd/490259,125,50,256,218|238|230|193,109|119|115|96,0,0,0,0,0.0,0.0,0.0,0,0,0.89223058,0,0.0040069883173228125
cd/490260,125,50,256,208|223|205|231,104|111|102|115,0,0,0,0,0.0,0.0,1.0,0,0,0.5177111700000001,1,0.048830746179716
cd/490261,125,50,256,252|256|254|256,126|128|127|128,0,0,0,0,0.0,0.0,0.0,0,0,0.7484909399999999,0,0.018357455381945283
cd/490262,125,50,256,48|41|32|85,24|20|16|42,11,0,0,0,0.11,0.0275,1.0,1,0,0.48128342,1,0.1394129351638031
cd/490263,125,50,256,256|256|256|256,128|128|128|128,0,0,0,0,0.0,0.0,0.0,0,0,0.44979919,0,0.026009054415667084
cd/490266,125,50,256,233|242|237|217,116|121|118|108,0,0,0,0,0.0,0.0,0.0,0,0,0.54342985,0,0.012683996615843256
cd/490267,125,50,256,253|255|255|255,126|127|127|127,0,0,0,0,0.0,0.0,0.0,0,0,0.46960166999999997,0,0.0009355391364122204
cd/490268,125,50,256,217|208|232|244,108|104|116|122,0,0,0,0,0.0,0.0,1.0,0,0,0.69629629,1,0.08462344344264516
cd/490270,125,50,256,225|229|218|208,112|114|109|104,0,0,0,0,0.0,0.0,0.0,0,0,0.45303867999999997,0,0.013736381894073694
cd/490271,125,50,256,254|249|256|256,127|124|128|128,0,0,0,0,0.0,0.0,0.0,0,0,0.5090909100000001,0,0.01114807597161445
cd/490274,125,50,256,240|215|219|202,120|107|109|101,0,0,0,0,0.0,0.0,0.0,0,0,0.8882978699999999,0,0.0054204638834882335
cd/490275,125,50,256,121|126|56|50,60|63|28|25,0,0,0,0,0.0,0.0,0.0,0,0,0.9038461600000001,0,0.0004165091710835976
cd/490276,125,50,256,256|256|256|256,128|128|128|128,0,0,0,0,0.0,0.0,0.0,0,0,0.74251497,0,0.000332765003026749
cd/490279,125,50,256,254|255|255|254,127|127|127|127,0,0,0,0,0.0,0.0,0.0,0,0,0.55626327,0,0.011555962605131706
cd/490280,125,50,256,256|256|256|255,128|128|128|127,0,0,0,0,0.0,0.0,0.0,0,0,0.57884231,0,0.031213010429963134
cd/490281,125,50,256,223|210|177|120,111|105|88|60,0,0,0,0,0.0,0.0,0.0,0,0,0.72817955,0,0.032731868538282735
cd/490282,125,50,256,237|255|253|255,118|127|126|127,0,0,0,0,0.0,0.0,0.0,0,0,0.11273485999999999,0,0.009788053715991616
cd/490283,125,50,256,247|253|249|254,123|126|124|127,0,0,0,0,0.0,0.0,0.0,0,0,0.9016018400000001,0,0.00983206500750595
cd/490287,125,50,256,255|256|255|256,127|128|127|128,0,0,0,0,0.0,0.0,0.0,0,0,0.61795407,0,0.011312862456039385
cd/490288,125,50,256,51|43|19|23,25|21|9|11,0,0,0,0,0.0,0.0,0.0,0,0,0.75,0,0.0037169979176606897
cd/490290,125,50,256,245|248|243|156,122|124|121|78,0,0,0,0,0.0,0.0,0.0,0,0,0.023752969999999984,0,0.017062007449398186
cd/490292,125,50,256,160|200|203|211,80|100|101|105,0,0,0,0,0.0,0.0,1.0,0,0,0.14358973999999997,1,0.059038287023162474
cd/490296,125,50,256,254|256|256|256,127|128|128|128,0,0,0,0,0.0,0.0,0.0,0,0,0.44855967,0,0.004697009444290318
cd/490297,125,50,256,234|246|245|254,117|123|122|127,0,0,0,0,0.0,0.0,1.0,0,0,0.27078385,1,0.07557843670117854
cd/490303,125,50,256,244|254|251|256,122|127|125|128,0,0,0,0,0.0,0.0,1.0,0,0,0.24444445000000004,1,0.05354870587933386
cd/490304,125,50,256,27|12|6|12,13|6|3|6,0,0,0,0,0.0,0.0,0.0,0,0,0.7272727299999999,0,0.010514959043494027
cd/490307,125,50,256,254|256|255|256,127|128|127|128,0,0,0,0,0.0,0.0,0.0,0,0,0.5400843900000001,0,0.006732761665849488
cd/490309,125,50,256,250|249|250|237,125|124|125|118,0,0,0,0,0.0,0.0,0.0,0,0,0.50627615,0,0.011609418544343948
cd/490312,125,50,256,246|236|253|256,123|118|126|128,0,0,0,0,0.0,0.0,0.0,0,0,0.76321839,0,0.04015303173406864
cd/490313,125,50,256,252|256|256|255,126|128|128|127,0,0,0,0,0.0,0.0,0.0,0,0,0.48879837,0,0.007949105853961627
cd/490315,125,50,256,246|254|253|255,123|127|126|127,0,0,0,0,0.0,0.0,0.0,0,0,0.67617108,0,0.00385569210605766
cd/490316,125,50,256,237|256|247|253,118|128|123|126,0,11,3,0,0.11,0.035,1.0,1,0,0.37413395000000005,1,0.0441616956274615
cd/490317,125,50,256,249|256|255|254,124|128|127|127,0,0,0,0,0.0,0.0,0.0,0,0,0.70020965,0,0.027725478257151378
cd/490321,125,50,256,242|233|249|246,121|116|124|123,0,0,0,0,0.0,0.0,0.0,0,0,0.57817109,0,0.017452489370736003
cd/490322,125,50,256,255|256|256|256,127|128|128|128,0,0,35,0,0.35,0.0875,0.16,1,0,0.040404039999999974,0,0.019583438069329235
cd/490324,125,50,256,246|235|245|254,123|117|122|127,0,0,0,0,0.0,0.0,0.0,0,0,0.66090713,0,0.0021820174086052677
cd/490325,125,50,256,249|251|251|253,124|125|125|126,0,0,0,0,0.0,0.0,0.0,0,0,0.73007712,0,0.01584051271394622
cd/490327,125,50,256,255|256|256|256,127|128|128|128,0,0,0,0,0.0,0.0,0.0,0,0,0.38461539,0,0.010370950017140439
cd/490331,125,50,256,255|256|256|256,127|128|128|128,0,0,0,0,0.0,0.0,0.0,0,0,0.22177420000000003,0,0.007513587927845909
cd/490333,125,50,256,42|15|16|9,21|7|8|4,0,12,66,0,0.66,0.195,0.73,1,1,0.10101011000000004,1,0.028582898691569627
cd/490334,125,50,256,220|124|165|133,110|62|82|66,1,0,0,19,0.19,0.05,0.07,1,0,0.45742093,0,0.017743280864081595
cd/490335,125,50,256,256|255|256|255,128|127|128|127,9,0,55,0,0.55,0.16,1.0,1,1,0.35789473000000005,1,0.032381566991181644
cd/490337,125,50,256,256|256|256|256,128|128|128|128,0,0,0,0,0.0,0.0,0.0,0,0,0.50301811,0,0.002639717201623175
cd/490338,125,50,256,254|256|256|256,127|128|128|128,0,0,0,0,0.0,0.0,0.0,0,0,0.52066116,0,0.013492753130360241
cd/490339,125,50,256,222|126|176|145,111|63|88|72,0,0,0,0,0.0,0.0,0.0,0,0,0.58275058,0,0.013896641117974317
cd/490340,125,50,256,226|233|236|238,113|116|118|119,0,0,0,0,0.0,0.0,0.0,0,0,0.73118279,0,0.004906724901965483
cd/490341,125,50,256,255|255|255|252,127|127|127|126,0,0,0,0,0.0,0.0,1.0,0,0,0.13496932,1,0.04166769748872815
cd/490342,125,50,256,240|247|233|245,120|123|116|122,100,22,0,0,1.0,0.305,0.49,1,1,0.009638550000000023,1,0.021153363090260332
cd/490343,125,50,256,248|256|254|256,124|128|127|128,0,0,0,0,0.0,0.0,0.0,0,0,0.7300215999999999,0,0.010207381380835122
cd/490344,125,50,256,249|252|254|256,124|126|127|128,0,0,0,39,0.39,0.0975,0.82,1,0,0.80174292,1,0.08525171344427691
cd/490347,125,50,256,256|256|256|256,128|128|128|128,0,0,0,0,0.0,0.0,0.0,0,0,0.56626506,0,0.027708585160279672
cd/490348,125,50,256,251|254|255|254,125|127|127|127,0,0,0,0,0.0,0.0,0.0,0,0,0.81437125,0,0.013409930372004447
cd/490351,125,50,256,223|189|186|66,111|94|93|33,0,0,0,0,0.0,0.0,0.0,0,0,0.49541283999999997,0,0.00749675531907931
cd/490352,125,50,256,35|88|53|80,17|44|26|40,0,0,0,0,0.0,0.0,0.0,0,0,0.5822784799999999,0,0.005087459257373503
cd/490353,125,50,256,243|239|237|107,121|119|118|53,0,0,0,0,0.0,0.0,0.0,0,0,0.67303102,0,0.0026422638266715617
cd/490354,125,50,256,256|256|256|256,128|128|128|128,0,0,0,18,0.18,0.045,0.07,1,0,0.2885375499999999,0,0.04061095335871081
cd/490356,125,50,256,222|231|227|198,111|115|113|99,0,0,0,0,0.0,0.0,0.0,0,0,0.74384236,0,0.0024907688443196138
cd/490357,125,50,256,250|253|256|255,125|126|128|127,0,0,0,0,0.0,0.0,0.0,0,0,0.59634889,0,0.01997420878162968
cd/490360,125,50,256,119|141|91|99,59|70|45|49,0,0,0,0,0.0,0.0,0.0,0,0,0.55614973,0,0.027865748411322982
cd/490361,125,50,256,241|235|246|235,120|117|123|117,0,0,0,0,0.0,0.0,0.0,0,0,0.9582417599999999,0,5.026108019529824e-07
cd/490363,125,50,256,256|256|256|256,128|128|128|128,0,0,0,0,0.0,0.0,0.0,0,0,0.3935743,0,0.020884127955830053
cd/490199,150,25,256,230|241|222|229,115|120|111|114,0,0,0,0,0.0,0.0,1.0,0,0,0.16252821999999995,1,0.048357671546163376
cd/490201,150,25,256,254|255|256|253,127|127|128|126,0,0,0,0,0.0,0.0,1.0,0,0,0.2632613,1,0.056686441259328174
cd/490202,150,25,256,236|242|249|238,118|121|124|119,0,0,0,0,0.0,0.0,0.0,0,0,0.9955357199999999,0,2.8510476060267743e-07
cd/490203,150,25,256,139|119|201|166,69|59|100|83,0,0,2,30,0.3,0.08,0.19,1,0,0.34834835,0,0.0023958056534923553
cd/490204,150,25,256,255|252|256|256,127|126|128|128,0,0,15,0,0.15,0.0375,0.93,1,0,0.31640624000000006,1,0.02838557084563099
cd/490205,150,25,256,241|250|251|240,120|125|125|120,0,0,0,0,0.0,0.0,1.0,0,0,0.13894737000000001,1,0.01685495582439228
cd/490206,150,25,256,252|251|252|252,126|125|126|126,0,0,0,0,0.0,0.0,0.0,0,0,0.69033531,0,0.0032615333837043028
cd/490207,150,25,256,246|252|245|245,123|126|122|122,0,0,5,0,0.05,0.0125,0.02,1,0,0.37632136,0,0.02543325150172159
cd/490208,150,25,256,244|244|241|240,122|122|120|120,0,0,87,0,0.87,0.2175,0.46,1,1,0.52609603,0,0.02639776054122474
cd/490211,150,25,256,256|255|256|255,128|127|128|127,0,0,0,0,0.0,0.0,0.0,0,0,0.7740667999999999,0,0.0028771570695678914
cd/490212,150,25,256,256|254|256|255,128|127|128|127,0,0,0,63,0.63,0.1575,1.0,1,1,0.12085769999999996,1,0.029485356429180137
cd/490213,150,25,256,255|255|255|254,127|127|127|127,0,97,0,0,0.97,0.2425,1.0,1,1,0.03168315999999999,1,0.057272121541485844
cd/490214,150,25,256,238|247|251|241,119|123|125|120,0,0,0,0,0.0,0.0,0.0,0,0,0.98481562,0,0.000570628369895816
cd/490215,150,25,256,253|256|256|251,126|128|128|125,0,0,0,0,0.0,0.0,0.0,0,0,0.89980354,0,0.005897214660377528
cd/490217,150,25,256,250|248|252|249,125|124|126|124,0,0,0,0,0.0,0.0,0.0,0,0,0.40670860000000003,0,0.001076517842009082
cd/490219,150,25,256,248|252|251|249,124|126|125|124,0,0,0,0,0.0,0.0,0.0,0,0,0.3312369,0,0.005334626505493251
cd/490221,150,25,256,247|254|255|250,123|127|127|125,0,0,0,0,0.0,0.0,0.0,0,0,0.8121212099999999,0,0.0012022180785029948
cd/490225,150,25,256,249|256|254|254,124|128|127|127,0,0,0,0,0.0,0.0,0.0,0,0,0.8481262300000001,0,0.006721723009173255
cd/490227,150,25,256,254|256|255|255,127|128|127|127,0,0,0,0,0.0,0.0,1.0,0,0,0.01571708999999999,1,0.02706981173178694
cd/490228,150,25,256,250|254|254|248,125|127|127|124,7,0,0,0,0.07,0.0175,0.02,1,0,0.32064128,0,0.0489958181277644
cd/490229,150,25,256,250|254|255|248,125|127|127|124,0,0,0,0,0.0,0.0,0.0,0,0,0.48360656,0,0.0036174351199812376
cd/490231,150,25,256,253|256|256|256,126|128|128|128,0,0,0,0,0.0,0.0,0.0,0,0,0.6259842499999999,0,0.008398985022240025
cd/490232,150,25,256,226|240|249|233,113|120|124|116,0,0,0,0,0.0,0.0,0.0,0,0,0.99307159,0,1.7803203189443483e-06
cd/490233,150,25,256,255|254|255|256,127|127|127|128,0,0,0,0,0.0,0.0,0.0,0,0,0.72583827,0,0.007301722752356914
cd/490234,150,25,256,250|254|256|252,125|127|128|126,0,0,0,0,0.0,0.0,0.0,0,0,0.7251462,0,0.005325141959307396
cd/490235,150,25,256,255|256|256|255,127|128|128|127,0,0,0,0,0.0,0.0,0.0,0,0,0.80539499,0,0.0050092986479039515
cd/490236,150,25,256,256|252|256|254,128|126|128|127,0,0,0,0,0.0,0.0,0.0,0,0,0.58754864,0,0.008228265312880784
cd/490237,150,25,256,240|248|252|244,120|124|126|122,0,0,0,0,0.0,0.0,0.0,0,0,0.9957265,0,2.2184986059417883e-07
cd/490239,150,25,256,121|88|13|104,60|44|6|52,0,0,0,0,0.0,0.0,0.0,0,0,0.87804878,0,0.006503244637311324
cd/490240,150,25,256,250|254|253|247,125|127|126|123,0,0,0,0,0.0,0.0,0.0,0,0,0.93555093,0,0.0013161560164937514
cd/490241,150,25,256,255|254|256|255,127|127|128|127,0,0,0,0,0.0,0.0,0.0,0,0,0.78500986,0,0.002294600991989464
cd/490243,150,25,256,251|251|256|249,125|125|128|124,0,0,0,0,0.0,0.0,0.0,0,0,0.7648261700000001,0,0.00871941952311471
cd/490245,150,25,256,255|256|255|255,127|128|127|127,0,0,0,0,0.0,0.0,0.0,0,0,0.61478599,0,0.009196659823840535
cd/490246,150,25,256,255|256|256|255,127|128|128|127,0,0,0,0,0.0,0.0,0.0,0,0,0.83365949,0,0.0031011112208026055
cd/490248,150,25,256,207|213|175|208,103|106|87|104,0,1,0,0,0.01,0.0025,0.0,1,0,0.27751196,0,0.02832981941919224
cd/490249,150,25,256,254|255|256|253,127|127|128|126,0,0,0,0,0.0,0.0,0.0,0,0,0.75633529,0,0.004468459013819642
cd/490256,150,25,256,256|256|256|252,128|128|128|126,0,0,0,0,0.0,0.0,0.0,0,0,0.84210527,0,0.008722926957832581
cd/490258,150,25,256,254|256|256|254,127|128|128|127,0,0,0,0,0.0,0.0,0.0,0,0,0.8515625,0,0.006635457104853099
cd/490259,150,25,256,218|250|227|225,109|125|113|112,0,0,0,0,0.0,0.0,0.0,0,0,0.89638554,0,0.005513220890375627
cd/490260,150,25,256,208|193|206|194,104|96|103|97,0,0,0,0,0.0,0.0,0.0,0,0,0.58267717,0,0.008870082202803733
cd/490261,150,25,256,252|255|255|251,126|127|127|125,0,0,0,0,0.0,0.0,0.0,0,0,0.73852296,0,0.01773184057108193
cd/490262,150,25,256,48|25|27|49,24|12|13|24,5,24,87,0,0.87,0.29,0.62,1,1,0.57364341,1,0.018165359558819632
cd/490263,150,25,256,256|256|256|256,128|128|128|128,0,0,0,0,0.0,0.0,0.0,0,0,0.6614785999999999,0,0.005525441557666169
cd/490266,150,25,256,233|229|215|234,116|114|107|117,0,0,0,0,0.0,0.0,0.0,0,0,0.77505567,0,0.010327649567602723
cd/490267,150,25,256,253|252|256|254,126|126|128|127,0,0,0,0,0.0,0.0,0.0,0,0,0.79452055,0,0.00310895564667558
cd/490268,150,25,256,217|197|221|205,108|98|110|102,0,0,0,0,0.0,0.0,0.0,0,0,0.8463357,0,0.002629515676861838
cd/490270,150,25,256,225|238|236|227,112|119|118|113,0,0,0,0,0.0,0.0,0.0,0,0,0.84444444,0,0.002947828633558361
cd/490271,150,25,256,254|254|254|255,127|127|127|127,0,0,0,0,0.0,0.0,0.0,0,0,0.77534792,0,0.002928689214709561
cd/490274,150,25,256,240|245|252|229,120|122|126|114,0,0,0,0,0.0,0.0,0.0,0,0,0.96566524,0,0.0007274860808992098
cd/490275,150,25,256,121|124|60|107,60|62|30|53,0,0,0,0,0.0,0.0,0.0,0,0,0.9382716,0,0.00047779969272705307
cd/490276,150,25,256,256|256|256|255,128|128|128|127,0,0,0,0,0.0,0.0,0.0,0,0,0.84600389,0,0.0005629177348819642
cd/490279,150,25,256,254|253|248|249,127|126|124|124,0,0,0,0,0.0,0.0,0.0,0,0,0.6899384,0,0.011736608580049596
cd/490280,150,25,256,256|255|256|256,128|127|128|128,0,0,0,0,0.0,0.0,0.0,0,0,0.77317554,0,0.0049025411506965705
cd/490281,150,25,256,223|221|233|229,111|110|116|114,0,0,0,0,0.0,0.0,0.0,0,0,0.83370288,0,0.0021206196754020756
cd/490282,150,25,256,237|254|253|246,118|127|126|123,0,0,0,0,0.0,0.0,1.0,0,0,0.04444444000000003,1,0.07242324803199093
cd/490283,150,25,256,247|252|255|246,123|126|127|123,0,0,0,0,0.0,0.0,0.0,0,0,0.86315789,0,0.005519575650374821
cd/490287,150,25,256,255|254|256|254,127|127|128|127,0,0,0,0,0.0,0.0,0.0,0,0,0.5742574300000001,0,0.007976281470389033
cd/490288,150,25,256,51|48|77|65,25|24|38|32,0,0,0,0,0.0,0.0,0.0,0,0,0.95192307,0,0.0004462759757409357
cd/490290,150,25,256,245|248|249|237,122|124|124|118,0,0,0,0,0.0,0.0,0.0,0,0,0.44776119,0,0.013947239549659927
cd/490292,150,25,256,160|160|218|154,80|80|109|77,0,0,0,0,0.0,0.0,0.0,0,0,0.45893719,0,0.011022769581884044
cd/490296,150,25,256,254|255|256|255,127|127|128|127,0,0,0,0,0.0,0.0,0.0,0,0,0.7237354100000001,0,0.006000325534026252
cd/490297,150,25,256,234|244|242|242,117|122|121|121,0,0,0,0,0.0,0.0,0.0,0,0,0.49670329999999996,0,0.0027381565652002
cd/490303,150,25,256,244|253|255|253,122|126|127|126,0,0,0,0,0.0,0.0,0.0,0,0,0.54508197,0,0.011475106859339527
cd/490304,150,25,256,27|25|6|21,13|12|3|10,0,0,0,0,0.0,0.0,0.0,0,0,0.79245283,0,0.007843369611059803
cd/490307,150,25,256,254|256|256|255,127|128|128|127,0,0,0,0,0.0,0.0,0.0,0,0,0.6929133900000001,0,0.00625116918501169
cd/490309,150,25,256,250|246|234|246,125|123|117|123,0,0,0,0,0.0,0.0,0.0,0,0,0.66530612,0,0.013913214098961645
cd/490312,150,25,256,246|254|251|245,123|127|125|122,0,0,0,0,0.0,0.0,0.0,0,0,0.84407484,0,0.0011278229853280046
cd/490313,150,25,256,252|255|255|254,126|127|127|127,0,0,0,0,0.0,0.0,0.0,0,0,0.73009708,0,0.0026951406058312675
cd/490315,150,25,256,246|250|253|251,123|125|126|125,0,0,0,0,0.0,0.0,0.0,0,0,0.8622754499999999,0,0.006867709033729438
cd/490316,150,25,256,237|243|253|241,118|121|126|120,0,0,0,0,0.0,0.0,0.0,0,0,0.52025586,0,0.004366750000142428
cd/490317,150,25,256,249|255|254|252,124|127|127|126,0,0,0,0,0.0,0.0,0.0,0,0,0.8605108,0,0.003103650862017977
cd/490320,150,25,256,16|15|9|15,8|7|4|7,0,57,50,0,0.57,0.2675,0.37,1,1,0.43333333999999996,0,0.06662044321457258
cd/490321,150,25,256,242|250|236|233,121|125|118|116,0,0,0,0,0.0,0.0,0.0,0,0,0.81755196,0,0.007807322744845219
cd/490322,150,25,256,255|254|255|254,127|127|127|127,0,15,0,26,0.26,0.1025,1.0,1,0,0.058939099999999967,1,0.05818731992167458
cd/490324,150,25,256,246|250|255|250,123|125|127|125,0,0,0,0,0.0,0.0,0.0,0,0,0.7959596,0,0.0023714673148727845
cd/490325,150,25,256,249|252|252|246,124|126|126|123,0,0,0,0,0.0,0.0,0.0,0,0,0.71698113,0,0.010401186907698692
cd/490327,150,25,256,255|255|256|255,127|127|128|127,0,0,0,0,0.0,0.0,0.0,0,0,0.59533074,0,0.014089707706194362
cd/490331,150,25,256,255|256|256|255,127|128|128|127,0,0,0,0,0.0,0.0,0.0,0,0,0.41860465,0,0.02395076833928327
cd/490334,150,25,256,220|218|193|216,110|109|96|108,1,61,0,0,0.61,0.155,0.33,1,1,0.3926097,0,0.01318538452124409
cd/490335,150,25,256,256|255|255|252,128|127|127|126,16,3,0,2,0.16,0.0525,1.0,1,0,0.40159046,1,0.06896423463913472
cd/490337,150,25,256,256|255|256|256,128|127|128|128,0,0,0,0,0.0,0.0,0.0,0,0,0.6340508899999999,0,0.0019614727723490533
cd/490338,150,25,256,254|256|256|255,127|128|128|127,0,0,0,0,0.0,0.0,0.0,0,0,0.6614786,0,0.01093860055254636
cd/490339,150,25,256,222|212|199|218,111|106|99|109,0,0,0,0,0.0,0.0,0.0,0,0,0.7964989100000001,0,0.010003820248035812
cd/490340,150,25,256,226|249|235|231,113|124|117|115,0,0,0,0,0.0,0.0,0.0,0,0,0.90740741,0,0.0015056577488259295
cd/490341,150,25,256,255|255|251|255,127|127|125|127,0,3,0,0,0.03,0.0075,1.0,1,0,0.26120857999999997,1,0.05152147658921652
cd/490342,150,25,256,240|238|210|235,120|119|105|117,100,11,0,66,1.0,0.4425,0.82,1,1,0.09699769000000003,1,0.03805554386527157
cd/490343,150,25,256,248|253|250|253,124|126|125|126,0,0,0,0,0.0,0.0,0.0,0,0,0.89613034,0,0.005606986558971131
cd/490344,150,25,256,249|256|251|245,124|128|125|122,0,0,0,0,0.0,0.0,0.0,0,0,0.91170431,0,0.0005713844895158311
cd/490347,150,25,256,256|256|256|256,128|128|128|128,0,0,0,0,0.0,0.0,0.0,0,0,0.68217054,0,0.019660095379942937
cd/490348,150,25,256,251|253|255|252,125|126|127|126,0,0,0,0,0.0,0.0,0.0,0,0,0.9112426,0,0.005363321970839978
cd/490351,150,25,256,223|190|183|202,111|95|91|101,0,0,0,0,0.0,0.0,0.0,0,0,0.7822014,0,0.014522241209558459
cd/490352,150,25,256,35|36|14|47,17|18|7|23,0,0,0,0,0.0,0.0,0.0,0,0,0.7999999999999999,0,0.004620888181522986
cd/490353,150,25,256,243|243|223|227,121|121|111|113,0,0,0,0,0.0,0.0,0.0,0,0,0.9450549500000001,0,0.0013426368678181536
cd/490354,150,25,256,256|256|256|255,128|128|128|127,0,0,0,0,0.0,0.0,0.0,0,0,0.6,0,0.016520480468019176
cd/490356,150,25,256,222|221|217|234,111|110|108|117,0,0,0,0,0.0,0.0,0.0,0,0,0.89473684,0,0.0002760419218981234
cd/490357,150,25,256,250|254|255|256,125|127|127|128,0,0,0,0,0.0,0.0,0.0,0,0,0.81091618,0,0.00746888999563229
cd/490360,150,25,256,119|74|24|103,59|37|12|51,0,0,2,0,0.02,0.005,0.01,1,0,0.11299434999999997,0,0.013795072946219242
cd/490361,150,25,256,241|248|232|235,120|124|116|117,0,0,0,0,0.0,0.0,0.0,0,0,0.98434004,0,8.912396403435047e-07
cd/490363,150,25,256,256|256|256|256,128|128|128|128,0,0,0,0,0.0,0.0,0.0,0,0,0.67181467,0,0.01706758550513488
