panel,track,model,checkpoint,x_normalised,n_questions,d_move_mean,d_move_lo,d_move_hi,excess_move_mean,excess_move_lo,excess_move_hi,is_reference_anchor
a,A,Qwen2.5-3B / Countdown,25,0.0,0,0.0,0.0,0.0,0.0,0.0,0.0,True
a,A,Qwen2.5-3B / Countdown,50,0.14285714285714285,106,0.007649313893312515,0.006455427223698167,0.0089104365594395,0.00117218681169151,0.00014903771837192895,0.0022302802742157055,False
a,A,Qwen2.5-3B / Countdown,75,0.2857142857142857,106,0.013520970968144976,0.011576827852024666,0.015477886992360993,0.007605948018978304,0.005844439866773564,0.009385669850154923,False
a,A,Qwen2.5-3B / Countdown,100,0.42857142857142855,106,0.026406165570581622,0.022539425959545962,0.030433580097487613,0.019545020941703763,0.016021772413455183,0.02324581888857475,False
a,A,Qwen2.5-3B / Countdown,125,0.5714285714285714,106,0.05652568924414057,0.04931666281822649,0.06380657710428074,0.04813888985975077,0.04127838144452017,0.055038726121435885,False
a,A,Qwen2.5-3B / Countdown,150,0.7142857142857143,106,0.07984146036855803,0.07005675143880893,0.08977792383786459,0.06932979653259268,0.060182633038606485,0.07861282390650533,False
a,A,Qwen2.5-3B / Countdown,175,0.8571428571428571,106,0.08299023395146718,0.07267744569682695,0.09341378885552641,0.07482118367554622,0.06507285695167057,0.08479705368359959,False
a,A,Qwen2.5-3B / Countdown,200,1.0,106,0.08988584097998793,0.07828695255138578,0.10110183791676096,0.08211043593235581,0.07122350941478929,0.09318102911282308,False
b,C,Qwen2.5-7B / Countdown,5,0.0,0,0.0,0.0,0.0,0.0,0.0,0.0,True
b,C,Qwen2.5-7B / Countdown,10,0.25,106,0.004522408209618834,0.003408417702309029,0.006262726870146954,-0.0013007960914801623,-0.0019345444898552738,-0.000526956397021293,False
b,C,Qwen2.5-7B / Countdown,15,0.5,106,0.009229154473524886,0.0073994378917349385,0.01167814340465783,0.0033229882546948726,0.002082187318705196,0.004891725911085739,False
b,C,Qwen2.5-7B / Countdown,20,0.75,106,0.011323628144082188,0.009067672950547067,0.01377692498621599,0.005225494630196755,0.0034550725997463893,0.007009209600708275,False
b,C,Qwen2.5-7B / Countdown,25,1.0,106,0.013853082923485301,0.010948825369688844,0.01710203181540423,0.007462862604751991,0.005046453280862797,0.010402278659778925,False
c,D,Qwen2.5-3B public / Countdown,100,0.0,0,0.0,0.0,0.0,0.0,0.0,0.0,True
c,D,Qwen2.5-3B public / Countdown,105,0.2,106,0.005171226591358689,0.004460064019834845,0.005941733426726192,0.0021983228428321235,0.001467898472992339,0.0029320973373907085,False
c,D,Qwen2.5-3B public / Countdown,110,0.4,106,0.01510744393086382,0.013369594543864214,0.01676408330243607,0.012060606420641683,0.01047435091279577,0.013610825999432608,False
c,D,Qwen2.5-3B public / Countdown,115,0.6,106,0.027866469499330415,0.024638641859645052,0.030958627868410478,0.02414751276952794,0.021179921421952786,0.027109536919746952,False
c,D,Qwen2.5-3B public / Countdown,120,0.8,106,0.0389585612939302,0.0341910842655876,0.04375951857790403,0.03488484382611095,0.03037474704433828,0.03947079197205741,False
c,D,Qwen2.5-3B public / Countdown,125,1.0,106,0.048357439280550474,0.04265200337316992,0.054022694970337314,0.04398626872242328,0.03846548258492015,0.04945341145192606,False
d,E,Qwen-1.5B Code / HumanEval,100,0.0,0,0.0,0.0,0.0,0.0,0.0,0.0,True
d,E,Qwen-1.5B Code / HumanEval,200,0.14285714285714285,23,0.014084981947236373,0.009236658742379783,0.0197767654195903,0.004409657689590595,0.0003200352096034794,0.008783372770012926,False
d,E,Qwen-1.5B Code / HumanEval,300,0.2857142857142857,23,0.022054021187893104,0.014093946076047898,0.03086505291352493,0.010643187045418221,0.0031007814422835244,0.01948474023737866,False
d,E,Qwen-1.5B Code / HumanEval,400,0.42857142857142855,23,0.03253928583765877,0.017925079435218486,0.05083727010938673,0.019977989488291308,0.006922794202291417,0.03733620369342618,False
d,E,Qwen-1.5B Code / HumanEval,500,0.5714285714285714,23,0.04795942938827836,0.02277954303482744,0.08386079635900012,0.034489600779443554,0.01276634605848684,0.06606280712050622,False
d,E,Qwen-1.5B Code / HumanEval,600,0.7142857142857143,23,0.06451946483639388,0.03761708395047294,0.10125005876882952,0.048970140953141825,0.024552783147743704,0.0822799214892712,False
d,E,Qwen-1.5B Code / HumanEval,700,0.8571428571428571,23,0.06525713009672313,0.035893067671999984,0.10549009537766624,0.04971282091680964,0.023368759004326695,0.08535074380440912,False
d,E,Qwen-1.5B Code / HumanEval,800,1.0,23,0.06803539488711605,0.03516956699093309,0.11148597237282028,0.05101246578620719,0.022257111694787366,0.08970079549486229,False
e,F,OLMo-3.1-7B Code / HumanEval,800,0.0,0,0.0,0.0,0.0,0.0,0.0,0.0,True
e,F,OLMo-3.1-7B Code / HumanEval,1000,0.16666666666666666,23,0.014403248391764666,0.009086143495178825,0.02031694815084561,0.0035460338568708417,0.0010591258510802243,0.006608767867442378,False
e,F,OLMo-3.1-7B Code / HumanEval,1250,0.375,23,0.016045097713368428,0.008695810663682102,0.025092220149184236,0.004981962247853493,0.00026231307870070754,0.01150949786817939,False
e,F,OLMo-3.1-7B Code / HumanEval,1500,0.5833333333333334,23,0.027977521386352247,0.016359633185912267,0.041400481900670805,0.016467422643380344,0.007371534651439469,0.02694659685965362,False
e,F,OLMo-3.1-7B Code / HumanEval,1750,0.7916666666666666,23,0.042447520382195424,0.024771729559773532,0.06262340751772794,0.028970646725204663,0.014300421284767497,0.0444991353812113,False
e,F,OLMo-3.1-7B Code / HumanEval,2000,1.0,23,0.0541576427164661,0.03081174171352939,0.08022573206657366,0.037622888325805175,0.018602646468037012,0.059915229840335385,False
