panel,track,model,target_checkpoint,x_normalised,n_rows,n_questions,z_reweight_mean,z_lo,z_hi,excess_mean,excess_lo,excess_hi
d,E,qwen_code,200,0.142857,24,23,-0.08049662854768316,-0.49078904043947064,0.3740427069646412,-0.068293475466424,-0.2543871645955985,0.11670229969299382
d,E,qwen_code,300,0.285714,24,23,0.24189087569900214,-0.26391520871721147,0.7591889982802204,-0.20012178626873975,-0.6298032433951372,0.19668322913042177
d,E,qwen_code,400,0.428571,24,23,1.0132024887338458,0.2550185751886826,1.8279448984288569,0.042280818105062457,-0.2471094161463552,0.28674963204012294
d,E,qwen_code,500,0.571429,24,23,1.3985677564615364,0.2406498276224895,2.7971801906313463,0.1486084875543751,-0.07510212947085476,0.37202961274242446
d,E,qwen_code,600,0.714286,24,23,2.3662082693279585,1.0874866226196556,3.897931283131504,0.4566378053603976,0.23325515979617606,0.6804546146563876
d,E,qwen_code,700,0.857143,24,23,2.099811804016173,0.85512614032809,3.6671165583215704,0.4184437047377388,0.23081801946128058,0.6282518492851751
d,E,qwen_code,800,1.0,24,23,1.8397981840577897,0.48762691031907957,3.500925690865913,0.2738900925274172,0.059644818214875155,0.5033239944821758
e,F,olmo_code,1000,0.166667,24,23,0.07476118484679872,-0.1558960069010912,0.32313282686186706,0.0346484539916302,-0.20238241085254693,0.2645983267917869
e,F,olmo_code,1250,0.375,24,23,0.12714239844375547,-0.2565023538794626,0.5659608035295566,0.18904618794847347,-0.2124913668486171,0.7637434553361838
e,F,olmo_code,1500,0.583333,24,23,0.5342944611808501,0.0599772668779837,1.0427299403140347,0.10629009500597793,-0.4519491786487101,0.7760061728418982
e,F,olmo_code,1750,0.791667,24,23,1.1402133430827284,0.20540029206665905,2.32730687144116,0.06566466271129401,-0.3352866752443414,0.3808837652721311
e,F,olmo_code,2000,1.0,24,23,1.3485232672218945,0.37580365857991366,2.601441273232596,0.357910649992343,-0.10651999122578959,0.9432771822248757
