panel,track,model,horizon,x_normalised,n_pairs,n_questions,excess_js_mean,excess_js_lo,excess_js_hi,floor_mean,modal_agreement_mean,modal_agreement_lo,modal_agreement_hi
a,A,Qwen2.5-3B / Countdown,25,0.25,299,101,0.012070643235275546,0.008710869520583782,0.01610912397196217,0.00404303295415222,0.919732441471572,0.8729096989966555,0.9601328903654485
a,A,Qwen2.5-3B / Countdown,50,0.5,298,100,0.020670968473506437,0.015237962352442786,0.026625989739148693,0.003397276215251659,0.8825503355704698,0.83,0.9328859060402684
a,A,Qwen2.5-3B / Countdown,75,0.75,299,101,0.021165878895175284,0.01710815626433396,0.02575799496971247,0.004255809474066302,0.8795986622073578,0.8260869565217391,0.9317521837218719
a,A,Qwen2.5-3B / Countdown,100,1.0,311,105,0.012205909964232719,0.009389768017646924,0.01519953464592815,0.005889399464265605,0.9163987138263665,0.8713826366559485,0.9555555555555556
b,C,Qwen2.5-7B / Countdown,5,0.2,106,106,-0.0020547672387133753,-0.003210310783674651,-0.000944912359536514,0.010730711940247568,0.9716981132075472,0.9339622641509434,1.0
b,C,Qwen2.5-7B / Countdown,10,0.4,106,106,-0.0015373684084923076,-0.0022030668228289383,-0.0008287502224498997,0.009307560542404354,0.9622641509433962,0.9245283018867925,0.9905660377358491
b,C,Qwen2.5-7B / Countdown,15,0.6,106,106,-0.0008080152042008063,-0.0016664472185068588,0.00011078537820842381,0.008971597417537027,0.9811320754716981,0.9528301886792453,1.0
b,C,Qwen2.5-7B / Countdown,20,0.8,106,106,-0.0009098035930255001,-0.0015487019935924314,-0.0003316313984322566,0.008797915541615523,0.9811320754716981,0.9528301886792453,1.0
b,C,Qwen2.5-7B / Countdown,25,1.0,106,106,-0.0004181609626202352,-0.0014065845235056744,0.0008405156003766123,0.009198380590129632,0.9528301886792453,0.9150943396226415,0.9905660377358491
c,D,Qwen2.5-3B public / Countdown,5,0.2,1060,106,0.0005333591620039447,0.0003618572129820364,0.0007178544498373081,0.002875252412631192,0.9735849056603774,0.9490566037735849,0.9943396226415094
c,D,Qwen2.5-3B public / Countdown,10,0.4,1060,106,0.0047861165618952395,0.003964451313093721,0.005651401431107781,0.0027965539475451034,0.930188679245283,0.8924528301886793,0.9622641509433962
c,D,Qwen2.5-3B public / Countdown,15,0.6,1056,106,0.01151788065892309,0.009323615891059438,0.01390492641521273,0.002909976596549649,0.9081439393939394,0.8712006861063465,0.9448669201520913
c,D,Qwen2.5-3B public / Countdown,20,0.8,1052,106,0.016459678246133425,0.012988175271978961,0.020481659057212807,0.002548585188363598,0.9068441064638784,0.8688087757234494,0.9412878787878788
c,D,Qwen2.5-3B public / Countdown,25,1.0,1023,105,0.022456559553446165,0.01858032535849672,0.027263999976971823,0.00178239690057996,0.8866080156402737,0.8413903384358208,0.9282997217154337
