panel,track,model,lag_intervals,n_questions,n_pairs,memory_mean,memory_lo,memory_hi,null_mean,null_lo,null_hi
a,A,Qwen2.5-3B / Countdown,1,106,635,-0.01411583971294809,-0.0703676998080272,0.04090770976697108,-0.41188291109642633,-0.45557863113704306,-0.36234300886051907
a,A,Qwen2.5-3B / Countdown,2,106,529,0.1028577482705985,0.050466794168339095,0.15441187606879483,0.0003705398213455671,-0.06568125592082794,0.06025489579848353
a,A,Qwen2.5-3B / Countdown,3,106,423,0.07031180421592728,0.007948459317732092,0.1265788052211324,-0.001087022691855738,-0.08024984089150489,0.07389082095150483
a,A,Qwen2.5-3B / Countdown,4,106,317,0.0042516156251215355,-0.06301712779156508,0.0692023225547638,0.0011973408791510446,-0.0779893162681504,0.09323418988283343
a,A,Qwen2.5-3B / Countdown,5,106,211,-0.012215918743733083,-0.09575805134846055,0.07207199479410425,-0.0025258158642371097,-0.1185136656752755,0.08493129821341708
a,A,Qwen2.5-3B / Countdown,6,105,105,-0.037681434916062254,-0.1524403301218671,0.06793246585131063,-0.0014050353546858011,-0.12553051795624376,0.1305224909078404
b,C,Qwen2.5-7B / Countdown,1,106,634,-0.29103435022535507,-0.3421767072889114,-0.23881394129057537,-0.4287227871500638,-0.469472982113723,-0.3911507242198422
b,C,Qwen2.5-7B / Countdown,2,106,422,-0.036308218618971204,-0.10136780016555486,0.0259784094970439,0.004056068648001865,-0.0550401562226957,0.0668812686200983
b,C,Qwen2.5-7B / Countdown,3,106,210,-0.050814007959205515,-0.12909067731873,0.021955600318954598,-0.004478866184104232,-0.08889265911659011,0.07683508303922616
c,D,Qwen2.5-3B public / Countdown,1,106,2119,0.13820072295063293,0.099552152030193,0.17795346699560272,-0.40626204864424864,-0.4281609407810225,-0.38124787373593844
c,D,Qwen2.5-3B public / Countdown,2,106,1589,0.2028148867594761,0.1636995621430944,0.24176934997329153,0.0012028695897065094,-0.038719538546695215,0.03864143182945107
c,D,Qwen2.5-3B public / Countdown,3,106,1059,0.13730165483922663,0.09588738643543548,0.1781261078669634,-0.0019519222279726378,-0.060447720638628716,0.044940513605332064
c,D,Qwen2.5-3B public / Countdown,4,106,529,0.06765690273572551,0.01641389978786322,0.11935470101172208,0.0013173059713650437,-0.0592355352521037,0.06061422585878954
d,E,Qwen-1.5B Code / HumanEval,1,23,128,-0.30005849576694166,-0.40807230060324123,-0.1888596735759046,-0.4288592587544588,-0.519631342286464,-0.3427798903513276
d,E,Qwen-1.5B Code / HumanEval,2,23,104,0.04573091318395375,-0.07468061802361547,0.16230885725217703,-0.0020430238161669883,-0.14032070856732956,0.1280412100685944
d,E,Qwen-1.5B Code / HumanEval,3,23,84,-0.05694683754233579,-0.1890459404537889,0.07046691304929226,0.0008217333407336625,-0.13736331719456005,0.16974439095583121
d,E,Qwen-1.5B Code / HumanEval,4,23,65,0.004612595494589273,-0.13017269887701755,0.14368602588802046,-0.0013915036112603079,-0.1895020478591551,0.1483205016086327
d,E,Qwen-1.5B Code / HumanEval,5,22,43,-0.08103388839212082,-0.2830968996430652,0.11582473351819049,-0.010413838426728262,-0.22101960654348188,0.19696411599595548
d,E,Qwen-1.5B Code / HumanEval,6,21,21,0.09919990226917166,-0.13489431524170403,0.32596978783662256,0.007994679172538648,-0.2915128694076423,0.24930382084241137
e,F,OLMo-3.1-7B Code / HumanEval,1,22,85,-0.3782262720216442,-0.4833519059241331,-0.2803437036716956,-0.4185119969721025,-0.539621933914157,-0.298318991424059
e,F,OLMo-3.1-7B Code / HumanEval,2,22,64,-0.029959826123408292,-0.183818118331155,0.14050723967891854,0.004882340746181392,-0.15923511972635038,0.17392641130116804
e,F,OLMo-3.1-7B Code / HumanEval,3,22,43,0.14381962217592345,-0.04284743745260626,0.3243735980487321,-0.010742687700866766,-0.19336898846168768,0.19211232647670928
e,F,OLMo-3.1-7B Code / HumanEval,4,21,21,0.05847917513248489,-0.18925469298297234,0.3229799297625969,0.002990432999469939,-0.25289208769516897,0.27772922354574714
