panel,track,model,target_checkpoint,x_normalised,n_rows,n_questions,z_reweight_mean,z_lo,z_hi,excess_mean,excess_lo,excess_hi,is_reference_anchor
a,A,Qwen2.5-3B / Countdown,25,0.0,0,0,0.0,0.0,0.0,0.0,0.0,0.0,True
a,A,Qwen2.5-3B / Countdown,50,0.14285714285714285,106,106,0.2144922186578108,0.0072343835034176344,0.4185874875861912,0.012696971698113207,-0.021201125943396227,0.043565445047169804,
a,A,Qwen2.5-3B / Countdown,75,0.2857142857142857,106,106,1.0384830536262852,0.7384208098400937,1.3863503386632487,0.12891559433962263,0.09090970424528301,0.16853200495283016,
a,A,Qwen2.5-3B / Countdown,100,0.42857142857142855,106,106,2.1692099826816835,1.658904651546594,2.733752831006813,0.2621280754716981,0.20900349410377358,0.3175964816037736,
a,A,Qwen2.5-3B / Countdown,125,0.5714285714285714,106,106,5.446632554767755,4.448791156392527,6.507745430495251,0.6348390943396227,0.5433302662735849,0.7241623983490568,
a,A,Qwen2.5-3B / Countdown,150,0.7142857142857143,106,106,5.8580126703215525,4.451395974967388,7.3445307952258565,0.7102367735849056,0.5590876964622642,0.8525160950471696,
a,A,Qwen2.5-3B / Countdown,175,0.8571428571428571,106,106,4.443298695326016,3.24153584781121,5.828712108962358,0.7464514811320755,0.6400339240566038,0.856820154481132,
a,A,Qwen2.5-3B / Countdown,200,1.0,106,106,4.546438508177902,3.0674312635406693,6.422923655343018,0.7120481981132075,0.5824102761792452,0.8550914238207548,
b,C,Qwen2.5-7B / Countdown,5,0.0,0,0,0.0,0.0,0.0,0.0,0.0,0.0,True
b,C,Qwen2.5-7B / Countdown,10,0.25,212,106,-0.4067036609140289,-0.5272924710042821,-0.2914499604439888,-0.1620530141509434,-0.2517212350235849,-0.09025219186320754,
b,C,Qwen2.5-7B / Countdown,15,0.5,212,106,0.2189976759508099,0.04153199658605578,0.4076676770807071,0.00022626886792452902,-0.06292326969339622,0.05716953195754713,
b,C,Qwen2.5-7B / Countdown,20,0.75,212,106,0.5383710566991129,0.31457036479526196,0.7683929886706411,-0.0012140801886792482,-0.08793876179245283,0.07070903525943396,
b,C,Qwen2.5-7B / Countdown,25,1.0,212,106,0.6547149716848207,0.402542127797783,0.9373762139668285,0.0561760424528302,0.009375630424528304,0.10262649469339617,
c,D,Qwen2.5-3B public / Countdown,100,0.0,0,0,0.0,0.0,0.0,0.0,0.0,0.0,True
c,D,Qwen2.5-3B public / Countdown,105,0.2,530,106,0.32023186984431856,0.14361875846999145,0.5029452477511066,0.013666237735849055,-0.028640663443396223,0.047244585330188674,
c,D,Qwen2.5-3B public / Countdown,110,0.4,530,106,1.5759106585717892,1.2454109234423905,1.9232021405758952,0.18549857735849057,0.14437631344339621,0.2247047643396226,
c,D,Qwen2.5-3B public / Countdown,115,0.6,530,106,2.783669737078361,2.2197643615372136,3.3358253355232623,0.33391520943396225,0.2608877566509434,0.40272392882075464,
c,D,Qwen2.5-3B public / Countdown,120,0.8,530,106,4.215987264409535,3.3789317289499214,5.065995799388446,0.515443496226415,0.4221573084905661,0.6032663633018869,
c,D,Qwen2.5-3B public / Countdown,125,1.0,530,106,5.452213052932003,4.402757597549048,6.543138514065969,0.684193179245283,0.5822408674056605,0.7830064603301887,
d,E,Qwen-1.5B Code / HumanEval,100,0.0,0,0,0.0,0.0,0.0,0.0,0.0,0.0,True
d,E,Qwen-1.5B Code / HumanEval,200,0.142857,24,23,-0.08049662854768316,-0.49078904043947064,0.3740427069646412,-0.068293475466424,-0.2543871645955985,0.11670229969299382,
d,E,Qwen-1.5B Code / HumanEval,300,0.285714,24,23,0.24189087569900214,-0.26391520871721147,0.7591889982802204,-0.20012178626873975,-0.6298032433951372,0.19668322913042177,
d,E,Qwen-1.5B Code / HumanEval,400,0.428571,24,23,1.0132024887338458,0.2550185751886826,1.8279448984288569,0.042280818105062457,-0.2471094161463552,0.28674963204012294,
d,E,Qwen-1.5B Code / HumanEval,500,0.571429,24,23,1.3985677564615364,0.2406498276224895,2.7971801906313463,0.1486084875543751,-0.07510212947085476,0.37202961274242446,
d,E,Qwen-1.5B Code / HumanEval,600,0.714286,24,23,2.3662082693279585,1.0874866226196556,3.897931283131504,0.4566378053603976,0.23325515979617606,0.6804546146563876,
d,E,Qwen-1.5B Code / HumanEval,700,0.857143,24,23,2.099811804016173,0.85512614032809,3.6671165583215704,0.4184437047377388,0.23081801946128058,0.6282518492851751,
d,E,Qwen-1.5B Code / HumanEval,800,1.0,24,23,1.8397981840577897,0.48762691031907957,3.500925690865913,0.2738900925274172,0.059644818214875155,0.5033239944821758,
e,F,OLMo-3.1-7B Code / HumanEval,800,0.0,0,0,0.0,0.0,0.0,0.0,0.0,0.0,True
e,F,OLMo-3.1-7B Code / HumanEval,1000,0.166667,24,23,0.07476118484679872,-0.1558960069010912,0.32313282686186706,0.0346484539916302,-0.20238241085254693,0.2645983267917869,
e,F,OLMo-3.1-7B Code / HumanEval,1250,0.375,24,23,0.12714239844375547,-0.2565023538794626,0.5659608035295566,0.18904618794847347,-0.2124913668486171,0.7637434553361838,
e,F,OLMo-3.1-7B Code / HumanEval,1500,0.583333,24,23,0.5342944611808501,0.0599772668779837,1.0427299403140347,0.10629009500597793,-0.4519491786487101,0.7760061728418982,
e,F,OLMo-3.1-7B Code / HumanEval,1750,0.791667,24,23,1.1402133430827284,0.20540029206665905,2.32730687144116,0.06566466271129401,-0.3352866752443414,0.3808837652721311,
e,F,OLMo-3.1-7B Code / HumanEval,2000,1.0,24,23,1.3485232672218945,0.37580365857991366,2.601441273232596,0.357910649992343,-0.10651999122578959,0.9432771822248757,
