arms,root,test,significant,computable,uncomputable,mean_statistic,mean_slot_disagreement
3,150,blocked,67,106,0,0.01745718,0.392652
3,150,marginal,61,95,11,41.58547857,NA
3,125,blocked,57,105,1,0.01050693,0.423549
3,125,marginal,60,95,11,20.02766372,NA
3,100,blocked,93,106,0,0.03144381,0.568802
3,100,marginal,85,95,11,63.08936883,NA
3,75,blocked,84,106,0,0.02247211,0.551408
3,75,marginal,79,102,4,40.33662989,NA
4,150,blocked,72,106,0,0.01460086,0.462412
4,150,marginal,67,97,9,46.9103805,NA
4,125,blocked,83,105,1,0.02155834,0.550818
4,125,marginal,81,94,12,67.51783165,NA
4,100,blocked,96,106,0,0.02610751,0.61833
4,100,marginal,88,95,11,76.10947348,NA
4,75,blocked,86,106,0,0.0181363,0.653707
4,75,marginal,87,102,4,51.30037277,NA
