question_id,root,horizon,n_arms,top1_mass,top1_top2_margin,normalized_entropy,num_feasible_branches,pass_at_1,effective_feasible_count,modal_disagreement,endpoint_pairwise_js,omnibus_significant
cd/490199,75,100,4,0.556231,0.36474164000000003,0.7665371171953822,5.0,0.539062,162.0,1,0.029892645467623366,1
cd/490201,75,100,4,0.60533333,0.32533333,0.6280555075697056,5.0,0.519531,185.0,1,0.03736936912395941,1
cd/490202,75,100,4,0.93115942,0.8623188399999999,0.3615819509896218,2.0,0.015625,137.0,0,4.778393438284592e-08,0
cd/490203,75,100,4,0.54948805,0.12286689,0.711489827465407,3.0,0.503906,145.0,1,0.01594535326924534,1
cd/490204,75,100,4,0.43721973,0.08968609999999999,0.6600138724242407,8.0,0.097656,219.0,0,0.011626097714666378,1
cd/490205,75,100,4,0.51702786,0.20433436,0.7286847350897135,5.0,0.320312,159.0,1,0.017756027634687758,1
cd/490206,75,100,4,0.55452436,0.29698376000000004,0.7422673810939729,5.0,0.199219,213.0,0,0.0073980650142799935,1
cd/490207,75,100,4,0.63496144,0.43187661,0.6547548074429731,5.0,0.441406,192.0,0,0.014704612688719726,1
cd/490208,75,100,4,0.59232614,0.26858512999999995,0.6037222059922045,5.0,0.453125,206.0,0,0.013174421241331431,1
cd/490211,75,100,4,0.76443418,0.6143187099999999,0.47345484109713637,5.0,0.5,214.0,0,0.004707880458348231,1
cd/490212,75,100,4,0.48344371,0.24724062000000002,0.8120759943049796,5.0,0.554688,224.0,1,0.02249985997333932,1
cd/490213,75,100,4,0.27792208,0.03636364,0.8515517510912591,7.0,0.082031,189.0,1,0.04230713922203606,1
cd/490214,75,100,4,0.92797784,0.87534626,0.27379164326595967,3.0,0.753906,179.0,0,0.0032550766689841523,1
cd/490215,75,100,4,0.80440098,0.6992665100000001,0.44608357521097874,5.0,0.609375,202.0,0,0.014785491211154266,1
cd/490217,75,100,4,0.80053908,0.6037735799999999,0.46780159167859436,3.0,0.0,184.0,0,0.005572431538953082,1
cd/490219,75,100,4,0.51456311,0.22653721999999998,0.7450498678478868,5.0,0.339844,152.0,0,0.013111804621732287,1
cd/490221,75,100,4,0.84766585,0.77149877,0.3744393842963295,5.0,0.578125,201.0,0,0.004587918131747541,0
cd/490225,75,100,4,0.79064588,0.6636971,0.4476030132477517,5.0,0.453125,222.0,0,0.009026873250070311,1
cd/490227,75,100,4,0.41339492,0.15704388000000002,0.8110813574765068,5.0,0.457031,214.0,1,0.02118894868432908,1
cd/490228,75,100,4,0.46867168,0.06015038,0.6787930040893115,5.0,0.449219,197.0,0,0.01501951414428066,1
cd/490229,75,100,4,0.55142857,0.37714285999999997,0.6852820665838815,8.0,0.171875,171.0,0,0.024106024522183248,1
cd/490231,75,100,4,0.68660287,0.52631579,0.5160097026589734,8.0,0.167969,205.0,0,0.011802992099095628,1
cd/490232,75,100,4,0.99078341,0.9861751200000001,0.053484064363337816,3.0,0.0,107.0,0,7.227097265607077e-07,0
cd/490233,75,100,4,0.76155718,0.6861313899999999,0.5342730403526519,5.0,0.339844,203.0,0,0.015127849554946317,1
cd/490234,75,100,4,0.73200993,0.61042184,0.5397635137279306,5.0,0.460938,199.0,0,0.011308180788712235,1
cd/490235,75,100,4,0.68791209,0.58901099,0.5687770600559456,7.0,0.152344,224.0,0,0.010591270544701346,1
cd/490236,75,100,4,0.51576577,0.23423424000000004,0.643425424436633,8.0,0.316406,218.0,0,0.016723185118987877,1
cd/490237,75,100,4,0.98529412,0.9705882400000001,0.11058083049673577,2.0,0.019531,101.0,0,0.0002956934983385431,0
cd/490239,75,100,4,0.88439306,0.7745664699999999,0.3468280115221434,3.0,0.0,85.0,0,0.0021219784570263027,1
cd/490240,75,100,4,0.76551724,0.60689655,0.4769596378427869,5.0,0.164062,215.0,0,0.0031529653043508507,0
cd/490241,75,100,4,0.66426859,0.47002399000000006,0.6215744618661388,5.0,0.324219,206.0,0,0.004506921492820644,1
cd/490243,75,100,4,0.58429561,0.33256350999999995,0.6770479360607595,5.0,0.265625,214.0,0,0.012379981394694034,1
cd/490245,75,100,4,0.57111111,0.40444444,0.6361449849095345,8.0,0.242188,221.0,0,0.0173978932007148,1
cd/490246,75,100,4,0.73509934,0.64459161,0.5822631871054657,5.0,0.488281,224.0,0,0.00806606391611286,1
cd/490248,75,100,4,0.58383234,0.16766467999999995,0.9796257863314509,2.0,0.023438,166.0,1,0.009484725249915503,1
cd/490249,75,100,4,0.6372796,0.5340050399999999,0.6418126785537828,7.0,0.339844,195.0,0,0.011423043610553303,1
cd/490254,75,100,4,0.7443609,0.52631579,0.6145880422833666,3.0,0.097656,65.0,0,0.020627683660005443,0
cd/490256,75,100,4,0.63805104,0.44083526,0.6365237439211575,5.0,0.433594,213.0,0,0.010624806841373098,1
cd/490258,75,100,4,0.6928934,0.55329949,0.4989077145669761,8.0,0.246094,193.0,0,0.008991066447491482,1
cd/490259,75,100,4,0.91634981,0.8745247100000001,0.3145577693081133,3.0,0.40625,130.0,0,0.0032337496964888143,0
cd/490260,75,100,4,0.78217822,0.6138613900000001,0.5833549721388522,3.0,0.625,150.0,0,0.01097491559096351,1
cd/490261,75,100,4,0.69086651,0.44964870999999995,0.5214417484379091,5.0,0.472656,211.0,0,0.013472015014856157,1
cd/490262,75,100,4,0.71024735,0.49469965000000005,0.6979537792209378,3.0,0.070312,140.0,0,0.04239253859317546,1
cd/490263,75,100,4,0.42340426,0.22553191999999997,0.8045254479034515,8.0,0.175781,231.0,0,0.021308237494753125,1
cd/490264,75,100,4,0.68224299,0.52336449,0.7695340351494468,3.0,0.019531,52.0,0,0.0069435910469189885,0
cd/490266,75,100,4,0.6206089,0.32318501,0.5648230709533163,5.0,0.0,211.0,0,0.03334724067077672,1
cd/490267,75,100,4,0.72792363,0.5632458300000001,0.5278620654484956,5.0,0.371094,207.0,0,0.008922456885793328,1
cd/490268,75,100,4,0.71541502,0.51383399,0.6999901512545471,3.0,0.441406,125.0,0,0.019706017746305853,1
cd/490270,75,100,4,0.68897638,0.37795276000000005,0.8943515203418019,2.0,0.007812,126.0,0,0.004900692691312466,1
cd/490271,75,100,4,0.63265306,0.39455781999999995,0.6093964336888094,5.0,0.5,218.0,0,0.008818196080616595,1
cd/490274,75,100,4,0.76553672,0.65536723,0.567308581791594,4.0,0.0,175.0,0,0.0030283115315425835,0
cd/490275,75,100,4,0.85,0.7,0.6098403047164005,2.0,0.023438,89.0,0,0.0034643915581323223,0
cd/490276,75,100,4,0.83592018,0.78048781,0.4140465438559516,5.0,0.503906,223.0,0,0.008984579026854808,1
cd/490279,75,100,4,0.6027088,0.36568848000000004,0.6818959212125154,5.0,0.351562,219.0,0,0.01000118555988632,1
cd/490280,75,100,4,0.55408389,0.36203091,0.7491990779525721,5.0,0.429688,224.0,0,0.0072199212439639044,1
cd/490281,75,100,4,0.81074169,0.69053709,0.39213058057553807,5.0,0.5,193.0,0,0.01722025033817459,1
cd/490282,75,100,4,0.63373494,0.44819276999999996,0.6831034522507693,5.0,0.621094,205.0,1,0.049679545247567465,1
cd/490283,75,100,4,0.76551724,0.67586207,0.5216122633695937,5.0,0.261719,215.0,0,0.010800591865882446,1
cd/490287,75,100,4,0.63474388,0.45434299,0.6753763567335448,5.0,0.253906,222.0,0,0.011819829197853448,1
cd/490288,75,100,4,0.7173913,0.6086956499999999,0.558578974543767,6.0,0.015625,112.0,0,0.002411544696550349,0
cd/490290,75,100,4,0.51206434,0.18766756,0.7333522193624545,5.0,0.402344,184.0,1,0.04233483424692877,1
cd/490292,75,100,4,0.31699346,0.05228758,0.7290022038920095,10.0,0.042969,148.0,0,0.03611163509713724,1
cd/490296,75,100,4,0.54255319,0.22553191,0.5681053267179573,8.0,0.1875,231.0,0,0.02443966873727745,1
cd/490297,75,100,4,0.50545455,0.043636369999999924,0.7405487621612803,3.0,0.46875,136.0,0,0.004091283630392733,1
cd/490303,75,100,4,0.27486911,0.05235602000000003,0.8251334151100246,8.0,0.167969,187.0,0,0.02395173069579132,1
cd/490304,75,100,4,0.80487805,0.68292683,0.5667610904765754,3.0,0.0,60.0,0,0.0280975604482127,1
cd/490305,75,100,4,0.85087719,0.7017543799999999,0.6076407761018106,2.0,0.058594,56.0,0,0.045997025117988234,1
cd/490306,75,100,4,0.7875,0.575,0.7462343013654811,2.0,0.0,39.0,1,0.04852666368498099,0
cd/490307,75,100,4,0.64492754,0.50724638,0.6019797908589934,8.0,0.292969,203.0,0,0.0094336174889583,1
cd/490308,75,100,4,0.73529412,0.47058824000000005,0.8337649037425916,2.0,0.074219,50.0,0,0.03796755423922985,0
cd/490309,75,100,4,0.53056769,0.24890830000000003,0.5529433539227844,12.0,0.011719,223.0,0,0.043906296658614785,1
cd/490312,75,100,4,0.90934844,0.83286119,0.31251334320376367,3.0,0.617188,175.0,0,0.002861538928962326,0
cd/490313,75,100,4,0.73696145,0.56689342,0.5048778711317436,5.0,0.539062,218.0,0,0.0033232381352631493,0
cd/490315,75,100,4,0.7587007,0.64965198,0.5345830119774152,5.0,0.53125,213.0,0,0.010235814576810146,1
cd/490316,75,100,4,0.62409639,0.40481927999999995,0.6528585886378017,5.0,0.421875,205.0,0,0.008979522148063324,1
cd/490317,75,100,4,0.78208232,0.68765133,0.5015665724307615,5.0,0.402344,204.0,0,0.01035373929400649,1
cd/490320,75,100,4,0.65,0.30000000000000004,0.9340680553754911,2.0,0.066406,69.0,0,0.017486761876619277,0
cd/490321,75,100,4,0.71134021,0.50859107,0.7069764688208405,3.0,0.003906,144.0,1,0.05442984933405606,1
cd/490322,75,100,4,0.57377049,0.28103044000000005,0.6715777253441618,5.0,0.363281,211.0,1,0.03495897742783772,1
cd/490324,75,100,4,0.81655481,0.71588367,0.4249958677525687,5.0,0.472656,221.0,0,0.010840575441573805,1
cd/490325,75,100,4,0.69924812,0.5263157900000001,0.4963672514458301,7.0,0.019531,196.0,0,0.027235389675389507,1
cd/490327,75,100,4,0.53232759,0.23706896999999993,0.6024506792162266,8.0,0.214844,228.0,0,0.025877156800786894,1
cd/490330,75,100,4,0.52808989,0.29213482999999996,0.9272346966498044,3.0,0.0,43.0,1,0.09875115052583956,1
cd/490331,75,100,4,0.42763158,0.13157895000000003,0.7308137100372083,8.0,0.304688,224.0,0,0.03426483783664227,1
cd/490333,75,100,4,0.7029703,0.4950495100000001,0.7188808786175259,3.0,0.0,49.0,1,0.03634558013412509,1
cd/490334,75,100,4,0.46397695,0.03458213999999998,0.6583331656386254,5.0,0.582031,171.0,0,0.010935262425225072,1
cd/490335,75,100,4,0.30946292,0.005115089999999989,0.8105672189710259,7.0,0.210938,192.0,1,0.030063446859166582,1
cd/490337,75,100,4,0.64785553,0.49661399999999994,0.6794682710598854,5.0,0.433594,219.0,0,0.006758004409361991,1
cd/490338,75,100,4,0.71396396,0.62162162,0.5218819932056188,8.0,0.203125,218.0,0,0.003974364888099436,0
cd/490339,75,100,4,0.41018767,0.04289544000000001,0.7843119033499942,5.0,0.6875,184.0,0,0.008669353159077615,1
cd/490340,75,100,4,0.7568306,0.56830601,0.5207217060911908,4.0,0.109375,181.0,0,0.005035012543674421,1
cd/490341,75,100,4,0.4032634,0.023310019999999987,0.6401325191115047,9.0,0.078125,210.0,1,0.05194645353627355,1
cd/490342,75,100,4,0.35603715,0.07430340000000002,0.8014915230189369,7.0,0.046875,158.0,1,0.03371971670189022,1
cd/490343,75,100,4,0.64989059,0.48140044000000004,0.5925102043692504,7.0,0.082031,225.0,0,0.019416594595215327,1
cd/490344,75,100,4,0.89111748,0.78510029,0.32534021314609357,3.0,0.648438,173.0,0,0.0007791747170942945,0
cd/490347,75,100,4,0.56072874,0.3400809699999999,0.6129372767550185,8.0,0.195312,243.0,0,0.04426491648918837,1
cd/490348,75,100,4,0.69086651,0.5620608899999999,0.598883319778282,5.0,0.070312,211.0,0,0.01252854940744612,1
cd/490351,75,100,4,0.33110368,0.020066890000000004,0.823190093682793,7.0,0.203125,146.0,0,0.007027937172109178,1
cd/490352,75,100,4,0.72903226,0.6580645199999999,0.5958020927193733,5.0,0.0,75.0,0,0.011782781265130693,1
cd/490353,75,100,4,0.72292191,0.5138539,0.49659870551543045,5.0,0.257812,196.0,0,0.014154153355319344,1
cd/490354,75,100,4,0.39847716,0.025380709999999973,0.6380689543914875,10.0,0.121094,192.0,0,0.02421594830013045,1
cd/490356,75,100,4,0.63990826,0.39908257,0.5758168808869201,6.0,0.007812,215.0,0,0.0012996052795726115,0
cd/490357,75,100,4,0.74487472,0.5785876999999999,0.503604251068432,5.0,0.453125,217.0,0,0.012149448742961857,1
cd/490360,75,100,4,0.53526971,0.34024896000000004,0.6915720546239491,7.0,0.066406,117.0,1,0.06538486245926799,1
cd/490361,75,100,4,0.96143251,0.93112948,0.16694097823165613,3.0,0.652344,180.0,0,0.0008191372086749395,0
cd/490363,75,100,4,0.47854077,0.19313303999999998,0.679822205041857,8.0,0.171875,229.0,0,0.0354083583936616,1
cd/490199,100,75,4,0.54874652,0.36211699,0.7684856688558694,5.0,0.695312,177.0,1,0.031581079849684654,1
cd/490201,100,75,4,0.63636364,0.33259424,0.5382270482680948,5.0,0.6875,223.0,1,0.03175976947549071,1
cd/490202,100,75,4,0.9778481,0.9556962,0.1533580966226354,2.0,0.0,157.0,0,4.994203008128046e-06,1
cd/490203,100,75,4,0.54572271,0.11209439000000004,0.7035780032306512,3.0,0.558594,168.0,1,0.02097379150992289,1
cd/490204,100,75,4,0.47854077,0.18025751,0.6617319127399286,8.0,0.160156,229.0,1,0.0204141775738392,1
cd/490205,100,75,4,0.45646438,0.0,0.623435837000418,5.0,0.492188,187.0,1,0.011592266801085554,1
cd/490206,100,75,4,0.61844864,0.35220126,0.6284886668409211,5.0,0.304688,236.0,0,0.030279075227228464,1
cd/490207,100,75,4,0.61712846,0.46851385,0.6979910048721063,5.0,0.558594,196.0,0,0.01653072023513201,1
cd/490208,100,75,4,0.68374165,0.44097995999999995,0.540439362032623,5.0,0.609375,222.0,1,0.027367264332885458,1
cd/490211,100,75,4,0.81609195,0.72643678,0.4359456904870331,5.0,0.558594,215.0,0,0.011290795061613151,1
cd/490212,100,75,4,0.49266247,0.22222222000000003,0.7464834880619977,5.0,0.652344,236.0,1,0.027805845325578,1
cd/490213,100,75,4,0.30151844,0.06073753000000001,0.868949009516138,7.0,0.148438,227.0,1,0.09231048929380932,1
cd/490214,100,75,4,0.97796143,0.96418733,0.10963838651228476,3.0,0.84375,180.0,0,0.016399693677848135,1
cd/490215,100,75,4,0.80689655,0.7218390800000001,0.44610922105073103,5.0,0.640625,215.0,0,0.015747334523945146,1
cd/490217,100,75,4,0.70491803,0.41217798,0.5646198298833138,3.0,0.003906,212.0,0,0.005599502114553408,1
cd/490219,100,75,4,0.49347258,0.18798955,0.7506507300958564,5.0,0.464844,189.0,1,0.032307110047691386,1
cd/490221,100,75,4,0.85956416,0.80387409,0.363510931952459,5.0,0.679688,204.0,0,0.026792702368977447,1
cd/490225,100,75,4,0.81075269,0.7182795700000001,0.42866236486009807,5.0,0.570312,230.0,0,0.00916055216055989,1
cd/490227,100,75,4,0.37193764,0.07572382999999999,0.8146201268866018,5.0,0.492188,222.0,1,0.04216728159863473,1
cd/490228,100,75,4,0.56521739,0.17391304000000002,0.5358682530123655,5.0,0.492188,216.0,0,0.013923783093022106,1
cd/490229,100,75,4,0.4538835,0.25242719,0.714807447506985,8.0,0.253906,202.0,0,0.03200091682856438,1
cd/490231,100,75,4,0.67316017,0.5541125499999999,0.5555083455774805,8.0,0.28125,227.0,0,0.015091015860485646,1
cd/490232,100,75,4,0.99312715,0.9896907199999999,0.04172639149272323,3.0,0.0,144.0,0,3.575353695295146e-06,1
cd/490233,100,75,4,0.80865604,0.72437358,0.4485729132655904,5.0,0.4375,217.0,0,0.014004145306877144,1
cd/490234,100,75,4,0.73793103,0.61149425,0.5335860873080273,5.0,0.5,215.0,0,0.006294169943054407,1
cd/490235,100,75,4,0.72668113,0.65075922,0.5207433231312047,7.0,0.199219,227.0,0,0.019809162136663196,1
cd/490236,100,75,4,0.49134199,0.14285714,0.6039354706493715,8.0,0.394531,227.0,0,0.027180580636596993,1
cd/490237,100,75,4,0.98951049,0.97902098,0.08402108803033494,2.0,0.011719,142.0,0,8.035452591757514e-07,1
cd/490239,100,75,4,0.92481203,0.85714286,0.2651515783577811,3.0,0.0,65.0,0,0.0023499075143580505,1
cd/490240,100,75,4,0.75391499,0.59060403,0.48284452730453237,5.0,0.191406,221.0,0,0.000991615718976816,0
cd/490241,100,75,4,0.74947808,0.6263048,0.5074313745906677,5.0,0.507812,237.0,0,0.0054328846429513,1
cd/490243,100,75,4,0.70186335,0.5507246299999999,0.5761255513369306,5.0,0.253906,239.0,0,0.02777045549203269,1
cd/490245,100,75,4,0.55394191,0.40248963000000004,0.6366866246932975,8.0,0.308594,237.0,0,0.031650092694509746,1
cd/490246,100,75,4,0.72442589,0.6263048,0.5935569790896208,5.0,0.535156,237.0,0,0.02600893945104313,1
cd/490248,100,75,4,0.61515152,0.23030303999999996,0.9613944945752164,2.0,0.023438,164.0,1,0.08561325975428286,1
cd/490249,100,75,4,0.76263736,0.6637362600000001,0.4654384609053413,7.0,0.542969,224.0,0,0.021981584160217758,1
cd/490254,100,75,4,0.49152542,0.06779660999999998,0.8393338247460194,3.0,0.023438,28.0,1,0.08219869908403585,1
cd/490256,100,75,4,0.70772443,0.60125261,0.6098449838756188,5.0,0.636719,237.0,0,0.02871966790244447,1
cd/490258,100,75,4,0.72787611,0.6504424799999999,0.5033778061234943,8.0,0.382812,222.0,0,0.010158526723056045,1
cd/490259,100,75,4,0.93432836,0.87761194,0.24435697543477503,3.0,0.640625,166.0,0,0.003990693824393279,1
cd/490260,100,75,4,0.75072464,0.54492754,0.6161483993872716,3.0,0.738281,171.0,1,0.03400172954284517,1
cd/490261,100,75,4,0.75054705,0.60393873,0.519925758636729,5.0,0.699219,226.0,0,0.016317176346447484,1
cd/490262,100,75,4,0.7245509,0.47904192,0.6219640986700051,3.0,0.015625,82.0,1,0.06420673375232304,1
cd/490263,100,75,4,0.4692623,0.32786886000000004,0.7805056080938371,8.0,0.265625,240.0,0,0.02705191627521739,1
cd/490264,100,75,4,0.65079365,0.41269840999999996,0.7877023735342027,3.0,0.015625,30.0,1,0.08095463097009907,1
cd/490266,100,75,4,0.63678161,0.3862069,0.6021104416874544,5.0,0.0,215.0,0,0.044154662913895935,1
cd/490267,100,75,4,0.70387244,0.5193621900000001,0.5290031491996421,5.0,0.511719,217.0,0,0.005882409628556596,1
cd/490268,100,75,4,0.77142857,0.64126984,0.6314933259884016,3.0,0.539062,156.0,0,0.0081616779647802,1
cd/490270,100,75,4,0.57986111,0.15972221999999997,0.9815185139261889,2.0,0.0,143.0,0,0.014332577815312756,1
cd/490271,100,75,4,0.71115974,0.56455142,0.5571034217927343,5.0,0.554688,226.0,0,0.02430820016629075,1
cd/490274,100,75,4,0.83333333,0.74863388,0.4349686436226757,4.0,0.0,181.0,0,0.003978566545529017,1
cd/490275,100,75,4,0.79090909,0.58181818,0.7397414504681823,2.0,0.007812,54.0,0,0.00032343519004199626,0
cd/490276,100,75,4,0.88008565,0.82655246,0.3171665184674625,5.0,0.65625,231.0,0,0.002360582442856926,0
cd/490279,100,75,4,0.64425163,0.4511930599999999,0.6258230331889946,5.0,0.460938,228.0,0,0.0248951673034436,1
cd/490280,100,75,4,0.64882227,0.4796573900000001,0.6573885695702383,5.0,0.5625,231.0,0,0.03127967780261733,1
cd/490281,100,75,4,0.78133333,0.6666666600000001,0.452569009394389,5.0,0.613281,185.0,0,0.026132148933677903,1
cd/490282,100,75,4,0.6523702,0.38374718,0.5680032887895479,5.0,0.664062,219.0,1,0.03324933991356375,1
cd/490283,100,75,4,0.83833718,0.77598152,0.40062369873061265,5.0,0.339844,214.0,0,0.00894849499199136,1
cd/490287,100,75,4,0.62993763,0.39085239000000005,0.6430720738078781,5.0,0.300781,238.0,0,0.021648251034927582,1
cd/490288,100,75,4,0.68125,0.5625,0.6093520884011207,6.0,0.007812,77.0,0,0.0018684395627743544,1
cd/490290,100,75,4,0.42925659,0.0,0.7195105981483475,5.0,0.46875,206.0,0,0.033961056183909946,1
cd/490292,100,75,4,0.54093567,0.25146198999999997,0.5505820975476918,10.0,0.027344,166.0,0,0.017415333780325434,1
cd/490296,100,75,4,0.57954545,0.32272727,0.5825185346434614,8.0,0.300781,216.0,0,0.0346697943291276,1
cd/490297,100,75,4,0.4630137,0.010958909999999988,0.8418467105704615,3.0,0.632812,181.0,1,0.023917276849336644,1
cd/490303,100,75,4,0.24305556,0.027777780000000002,0.8634493322752803,8.0,0.199219,212.0,0,0.030393442774902215,1
cd/490304,100,75,4,0.85365854,0.78048781,0.47127299629196395,3.0,0.0,60.0,0,0.011941182680048006,0
cd/490305,100,75,4,0.98,0.96,0.14144054254182067,2.0,0.085938,24.0,0,0.0023305404539123932,0
cd/490306,100,75,4,0.68333333,0.36666666,0.9007196835611075,2.0,0.0,29.0,1,0.022548050379070136,0
cd/490307,100,75,4,0.64565217,0.51304347,0.5690574300569999,8.0,0.332031,226.0,0,0.013040438977397565,1
cd/490308,100,75,4,0.84285714,0.68571428,0.6274303421918718,2.0,0.085938,34.0,1,0.09669808952946062,0
cd/490309,100,75,4,0.65301724,0.45258621000000004,0.45870702118752293,12.0,0.0,226.0,0,0.047598120346897914,1
cd/490312,100,75,4,0.91846523,0.85851319,0.3000354390747101,3.0,0.828125,207.0,0,0.015541314728636459,1
cd/490313,100,75,4,0.7589852,0.6257928100000001,0.48215491828582363,5.0,0.535156,234.0,0,0.009747562167007071,1
cd/490315,100,75,4,0.7254902,0.5882353,0.5705436482524714,5.0,0.640625,227.0,0,0.004275525226951211,1
cd/490316,100,75,4,0.62110312,0.3645084,0.6154291588447778,5.0,0.503906,206.0,0,0.010181614254321755,1
cd/490317,100,75,4,0.75266525,0.63113007,0.5387244869213398,5.0,0.496094,232.0,0,0.03843737224415094,1
cd/490320,100,75,4,0.60227273,0.20454546,0.9696055978577931,2.0,0.042969,43.0,0,0.01529728270101201,0
cd/490321,100,75,4,0.70570571,0.49249250000000006,0.7092512563958661,3.0,0.0,165.0,0,0.022238814008903676,1
cd/490322,100,75,4,0.5600907,0.16326530000000006,0.5428895083705922,5.0,0.449219,218.0,1,0.0499555057454532,1
cd/490324,100,75,4,0.79431072,0.68271335,0.4450088490748875,5.0,0.515625,226.0,0,0.0020360612629904892,0
cd/490325,100,75,4,0.75886525,0.6241134800000001,0.440509751913878,7.0,0.046875,208.0,0,0.012751675104451734,1
cd/490327,100,75,4,0.58154506,0.34334763999999995,0.5993384708087379,8.0,0.230469,229.0,0,0.0300300823007265,1
cd/490330,100,75,4,0.4893617,0.04255319000000002,0.8058476181785917,3.0,0.003906,22.0,1,0.09366774177232827,0
cd/490331,100,75,4,0.44042553,0.16170213,0.7308540657483118,8.0,0.320312,231.0,0,0.04650802962557466,1
cd/490333,100,75,4,0.58518519,0.26666667,0.8222478739609309,3.0,0.0,66.0,1,0.052943722417030326,1
cd/490334,100,75,4,0.67654987,0.45283019,0.5623797978668962,5.0,0.746094,183.0,0,0.016460338504613415,1
cd/490335,100,75,4,0.39546599,0.10075565999999997,0.7552383241435274,7.0,0.277344,195.0,1,0.02863383958662392,1
cd/490337,100,75,4,0.62683438,0.41509434,0.6444425689265441,5.0,0.609375,236.0,0,0.008628036074916532,1
cd/490338,100,75,4,0.71218487,0.58823529,0.5113171912468621,8.0,0.261719,234.0,0,0.01831955932537168,1
cd/490339,100,75,4,0.39632546,0.07349081000000002,0.8090146671529563,5.0,0.738281,188.0,0,0.0258052473674299,1
cd/490340,100,75,4,0.75149701,0.53892216,0.49611770159380325,4.0,0.125,165.0,0,0.007488986460745956,1
cd/490341,100,75,4,0.51011236,0.20224719000000002,0.581993751967741,9.0,0.101562,218.0,1,0.08267197576839445,1
cd/490342,100,75,4,0.28682171,0.031007759999999995,0.8278091771401187,7.0,0.109375,190.0,1,0.05594832890346458,1
cd/490343,100,75,4,0.69358178,0.5300207,0.514359957559358,7.0,0.117188,238.0,0,0.026548108635156133,1
cd/490344,100,75,4,0.9192399,0.8408551,0.26518733843157244,3.0,0.738281,209.0,0,0.010853653395027254,1
cd/490347,100,75,4,0.65767635,0.51037345,0.5587175002700047,8.0,0.257812,237.0,0,0.05764855892192128,1
cd/490348,100,75,4,0.77777778,0.68409586,0.4877366009632031,5.0,0.078125,227.0,0,0.028147800333599707,1
cd/490351,100,75,4,0.46504559,0.20668693,0.7068497151585917,7.0,0.277344,161.0,0,0.01537628200424593,1
cd/490352,100,75,4,0.79831933,0.70588236,0.4673456588207397,5.0,0.0,57.0,0,0.06829874279310795,1
cd/490353,100,75,4,0.74939759,0.5301204799999999,0.4259561107756816,5.0,0.320312,205.0,0,0.01929976855059044,1
cd/490354,100,75,4,0.44130435,0.13478261000000002,0.6334213273545772,10.0,0.203125,225.0,0,0.026775607527982314,1
cd/490356,100,75,4,0.72368421,0.55263158,0.4955209623920177,6.0,0.003906,187.0,0,0.0035244042739579133,1
cd/490357,100,75,4,0.71002132,0.58422175,0.5827270044204528,5.0,0.597656,232.0,0,0.03530196469342732,1
cd/490360,100,75,4,0.49321267,0.28054299000000005,0.7178022063669361,7.0,0.082031,107.0,1,0.058036596810227166,1
cd/490361,100,75,4,0.96068796,0.93857494,0.17539643347914133,3.0,0.765625,202.0,0,0.00035770109547456183,1
cd/490363,100,75,4,0.52254098,0.25409836,0.6435255451564909,8.0,0.226562,240.0,0,0.03582964684305961,1
cd/490199,125,50,4,0.54330709,0.28346456999999997,0.7070385861029167,5.0,0.9375,188.0,0,0.026277484228538556,1
cd/490201,125,50,4,0.55509356,0.14137214999999997,0.5112209728164537,5.0,0.917969,238.0,0,0.019988528073100614,1
cd/490202,125,50,4,0.99171271,0.9834254200000001,0.06921200121145324,2.0,0.0,180.0,0,7.817557356701753e-07,1
cd/490203,125,50,4,0.5408971,0.08443272000000002,0.6426666611473291,3.0,0.707031,188.0,1,0.06399108607214428,1
cd/490204,125,50,4,0.53099174,0.28099174000000005,0.6242690447489547,8.0,0.214844,238.0,0,0.009710017111008367,1
cd/490205,125,50,4,0.60092807,0.23201856000000004,0.504460747469213,5.0,0.808594,213.0,0,0.006458439447661469,1
cd/490206,125,50,4,0.66320166,0.49896050000000003,0.6274616475406423,5.0,0.625,238.0,0,0.02154310174144208,1
cd/490207,125,50,4,0.57037037,0.34567901,0.6774121913549742,5.0,0.828125,200.0,0,0.057395600241293275,1
cd/490208,125,50,4,0.62768496,0.30071598999999993,0.5174763064644443,5.0,0.867188,207.0,1,0.03601618423708799,1
cd/490211,125,50,4,0.78969072,0.6185567,0.40708176033518895,5.0,0.847656,240.0,0,0.006866335006282777,1
cd/490212,125,50,4,0.55375254,0.26774847999999996,0.6694424307656408,5.0,0.871094,244.0,1,0.013336669617657648,1
cd/490213,125,50,4,0.36820926,0.08853118999999998,0.8015160166903383,7.0,0.320312,245.0,1,0.04539538775244956,1
cd/490214,125,50,4,0.97202797,0.95571095,0.1334582706257295,3.0,0.964844,213.0,0,0.0006478096342135623,0
cd/490215,125,50,4,0.84114053,0.74949084,0.3722716469392573,5.0,0.773438,243.0,0,0.03288996257509198,1
cd/490217,125,50,4,0.64966741,0.30598669999999994,0.6195166003006928,3.0,0.0,224.0,0,0.008583378785343663,1
cd/490219,125,50,4,0.56177156,0.18181817999999994,0.568033604293143,5.0,0.648438,212.0,0,0.02245670363555997,1
cd/490221,125,50,4,0.83647799,0.75052411,0.38805798253123813,5.0,0.824219,236.0,0,0.022130249300232874,1
cd/490225,125,50,4,0.79876797,0.6488706399999999,0.3998716576647469,5.0,0.878906,241.0,0,0.00931309324052953,1
cd/490227,125,50,4,0.36565657,0.03636364000000003,0.7439263490782513,5.0,0.769531,245.0,1,0.08136302009823361,1
cd/490228,125,50,4,0.69762419,0.42332612999999997,0.45265297394213005,5.0,0.773438,229.0,0,0.002080723692506645,0
cd/490229,125,50,4,0.46336207,0.17672414000000003,0.6314056612657273,8.0,0.433594,228.0,0,0.03413714652668646,1
cd/490231,125,50,4,0.72336066,0.52459017,0.41946051785324323,8.0,0.460938,240.0,0,0.021125682917100198,1
cd/490232,125,50,4,0.99433428,0.99150142,0.03539684344564376,3.0,0.0,175.0,0,1.6632242385898778e-06,1
cd/490233,125,50,4,0.75483871,0.55913979,0.4548142281433235,5.0,0.769531,230.0,0,0.004388434881678767,1
cd/490234,125,50,4,0.72597137,0.4989775,0.45928648906451197,5.0,0.859375,242.0,0,0.002895063098450277,0
cd/490235,125,50,4,0.76617954,0.6388309,0.4332278770928828,7.0,0.3125,236.0,0,0.010570280922746547,1
cd/490236,125,50,4,0.65189873,0.44303797,0.5028464407248311,8.0,0.660156,233.0,0,0.009326238516897295,1
cd/490237,125,50,4,0.99175824,0.98351648,0.06889753089797901,2.0,0.015625,181.0,0,2.673810358450318e-07,1
cd/490239,125,50,4,0.87610619,0.77876106,0.3995811072795632,3.0,0.003906,55.0,0,0.00044036199261932133,1
cd/490240,125,50,4,0.85620915,0.7799564299999999,0.3484073862733745,5.0,0.347656,227.0,0,0.0014729662983227008,0
cd/490241,125,50,4,0.79476861,0.6277666,0.39171480727651076,5.0,0.828125,246.0,0,0.00802654117552222,1
cd/490243,125,50,4,0.80121704,0.69776876,0.45209328728052023,5.0,0.269531,244.0,1,0.0251810191785449,1
cd/490245,125,50,4,0.63877551,0.44489796,0.5388861170577424,8.0,0.488281,241.0,0,0.004702060602298671,0
cd/490246,125,50,4,0.75150301,0.6252504999999999,0.5014330179126453,5.0,0.820312,247.0,0,0.010648579423336732,1
cd/490248,125,50,4,0.62568306,0.25136611999999997,0.9539291748683444,2.0,0.007812,182.0,0,0.02132954243673668,1
cd/490249,125,50,4,0.74338086,0.5784114100000001,0.4194281256011723,7.0,0.703125,242.0,0,0.004094196688933169,0
cd/490254,125,50,4,0.63636364,0.30303031,0.6915868068280102,3.0,0.035156,15.0,1,0.052457586910635706,0
cd/490256,125,50,4,0.75855131,0.64788733,0.5323112585239994,5.0,0.863281,246.0,0,0.01370369511579203,1
cd/490258,125,50,4,0.76609442,0.6394849800000001,0.4093732283086796,8.0,0.652344,229.0,0,0.004791572164064882,1
cd/490259,125,50,4,0.92982456,0.89223058,0.2753976412280075,3.0,0.667969,198.0,0,0.0040069883173228125,1
cd/490260,125,50,4,0.73297003,0.5177111700000001,0.6477324798070421,3.0,0.738281,182.0,1,0.048830746179716,1
cd/490261,125,50,4,0.81891348,0.7484909399999999,0.4376271553541158,5.0,0.890625,246.0,0,0.018357455381945283,1
cd/490262,125,50,4,0.73262032,0.48128342,0.5837561305174811,3.0,0.042969,92.0,1,0.1394129351638031,1
cd/490263,125,50,4,0.56827309,0.44979919,0.7033390379545433,8.0,0.382812,245.0,0,0.026009054415667084,1
cd/490264,125,50,4,0.90697674,0.8372092999999999,0.3293131947318327,3.0,0.003906,20.0,1,0.0468869891928513,0
cd/490266,125,50,4,0.71046771,0.54342985,0.5264039778581328,5.0,0.0,222.0,0,0.012683996615843256,1
cd/490267,125,50,4,0.71069182,0.46960166999999997,0.4754610270404564,5.0,0.8125,236.0,0,0.0009355391364122204,0
cd/490268,125,50,4,0.82222222,0.69629629,0.5236791365722439,3.0,0.652344,201.0,1,0.08462344344264516,1
cd/490270,125,50,4,0.72651934,0.45303867999999997,0.846414944834354,2.0,0.0,180.0,0,0.013736381894073694,1
cd/490271,125,50,4,0.66868687,0.5090909100000001,0.6025301824512068,5.0,0.84375,245.0,0,0.01114807597161445,1
cd/490274,125,50,4,0.93351064,0.8882978699999999,0.21219041339282863,4.0,0.0,186.0,0,0.0054204638834882335,1
cd/490275,125,50,4,0.95192308,0.9038461600000001,0.278170994672868,2.0,0.007812,51.0,0,0.0004165091710835976,0
cd/490276,125,50,4,0.85628743,0.74251497,0.31048935231093683,5.0,0.882812,248.0,0,0.000332765003026749,0
cd/490279,125,50,4,0.70700637,0.55626327,0.5472039055881355,5.0,0.703125,233.0,0,0.011555962605131706,1
cd/490280,125,50,4,0.74051896,0.57884231,0.5265154329983407,5.0,0.78125,248.0,0,0.031213010429963134,1
cd/490281,125,50,4,0.840399,0.72817955,0.3451370833582265,5.0,0.886719,198.0,0,0.032731868538282735,1
cd/490282,125,50,4,0.53235908,0.11273485999999999,0.5461602461176884,5.0,0.847656,237.0,0,0.009788053715991616,1
cd/490283,125,50,4,0.92677346,0.9016018400000001,0.2239878608100124,5.0,0.539062,216.0,0,0.00983206500750595,1
cd/490287,125,50,4,0.74947808,0.61795407,0.5140850897942043,5.0,0.496094,237.0,0,0.011312862456039385,1
cd/490288,125,50,4,0.84375,0.75,0.33337898072292604,6.0,0.015625,77.0,0,0.0037169979176606897,1
cd/490290,125,50,4,0.47743468,0.023752969999999984,0.5896363895146134,5.0,0.667969,208.0,0,0.017062007449398186,1
cd/490292,125,50,4,0.53076923,0.14358973999999997,0.4439007010278648,10.0,0.054688,190.0,1,0.059038287023162474,1
cd/490296,125,50,4,0.64403292,0.44855967,0.5047806878507581,8.0,0.464844,239.0,0,0.004697009444290318,0
cd/490297,125,50,4,0.62945368,0.27078385,0.6478991313988428,3.0,0.777344,209.0,1,0.07557843670117854,1
cd/490303,125,50,4,0.42888889,0.24444445000000004,0.7142229165064038,8.0,0.332031,221.0,1,0.05354870587933386,1
cd/490304,125,50,4,0.81818182,0.7272727299999999,0.5462946986441382,3.0,0.0,37.0,0,0.010514959043494027,0
cd/490305,125,50,4,0.9,0.8,0.46899559358928117,2.0,0.269531,24.0,0,0.05627846180056939,0
cd/490306,125,50,4,0.92105263,0.8421052600000001,0.3984592796915311,2.0,0.0,18.0,0,0.0,
cd/490307,125,50,4,0.73206751,0.5400843900000001,0.4117547720793807,8.0,0.496094,233.0,0,0.006732761665849488,1
cd/490308,125,50,4,0.84782609,0.69565218,0.6152538835144579,2.0,0.222656,22.0,0,0.029970279877173916,0
cd/490309,125,50,4,0.68410042,0.50627615,0.39804626398361503,12.0,0.0,233.0,0,0.011609418544343948,1
cd/490312,125,50,4,0.88045977,0.76321839,0.3434950194488217,3.0,0.835938,216.0,0,0.04015303173406864,1
cd/490313,125,50,4,0.71894094,0.48879837,0.46842480537954573,5.0,0.855469,243.0,0,0.007949105853961627,1
cd/490315,125,50,4,0.82077393,0.67617108,0.3683900097742983,5.0,0.921875,243.0,0,0.00385569210605766,1
cd/490316,125,50,4,0.64896074,0.37413395000000005,0.543131812799129,5.0,0.71875,214.0,1,0.0441616956274615,1
cd/490317,125,50,4,0.79874214,0.70020965,0.4339475949995666,5.0,0.71875,236.0,0,0.027725478257151378,1
cd/490320,125,50,4,0.79268293,0.58536586,0.7363230210671006,2.0,0.089844,40.0,0,0.003087467221562509,0
cd/490321,125,50,4,0.7699115,0.57817109,0.5853313333434188,3.0,0.0,168.0,0,0.017452489370736003,1
cd/490322,125,50,4,0.49090909,0.040404039999999974,0.5778407655627581,5.0,0.714844,245.0,0,0.019583438069329235,1
cd/490324,125,50,4,0.8012959,0.66090713,0.41364283146435016,5.0,0.847656,229.0,0,0.0021820174086052677,0
cd/490325,125,50,4,0.80976864,0.73007712,0.3820050912442467,7.0,0.125,191.0,0,0.01584051271394622,1
cd/490327,125,50,4,0.61740891,0.38461539,0.5336623554117235,8.0,0.414062,243.0,0,0.010370950017140439,1
cd/490330,125,50,4,0.51219512,0.09756097000000002,0.818349904525095,3.0,0.0,19.0,1,0.059934989790865284,0
cd/490331,125,50,4,0.4858871,0.22177420000000003,0.6621855285054059,8.0,0.402344,244.0,0,0.007513587927845909,1
cd/490333,125,50,4,0.53535354,0.10101011000000004,0.7306182420784441,3.0,0.0,48.0,1,0.028582898691569627,0
cd/490334,125,50,4,0.7080292,0.45742093,0.47156639767401987,5.0,0.894531,203.0,0,0.017743280864081595,1
cd/490335,125,50,4,0.59578947,0.35789473000000005,0.6112235027120123,7.0,0.515625,234.0,1,0.032381566991181644,1
cd/490337,125,50,4,0.71026157,0.50301811,0.528238457617107,5.0,0.847656,246.0,0,0.002639717201623175,0
cd/490338,125,50,4,0.73760331,0.52066116,0.3650373616829716,8.0,0.445312,238.0,0,0.013492753130360241,1
cd/490339,125,50,4,0.72494172,0.58275058,0.5268951425530212,5.0,0.871094,212.0,0,0.013896641117974317,1
cd/490340,125,50,4,0.85752688,0.73118279,0.33970029817812264,4.0,0.089844,184.0,0,0.004906724901965483,1
cd/490341,125,50,4,0.42331288,0.13496932,0.6545030815117586,9.0,0.273438,240.0,1,0.04166769748872815,1
cd/490342,125,50,4,0.28192771,0.009638550000000023,0.7750360185050267,7.0,0.261719,204.0,1,0.021153363090260332,1
cd/490343,125,50,4,0.80561555,0.7300215999999999,0.39911906032750294,7.0,0.082031,228.0,0,0.010207381380835122,1
cd/490344,125,50,4,0.89978214,0.80174292,0.30589269585341655,3.0,0.777344,228.0,1,0.08525171344427691,1
cd/490347,125,50,4,0.68072289,0.56626506,0.5260726731713865,8.0,0.292969,245.0,0,0.027708585160279672,1
cd/490348,125,50,4,0.86826347,0.81437125,0.3438348274356843,5.0,0.15625,248.0,0,0.013409930372004447,1
cd/490351,125,50,4,0.68807339,0.49541283999999997,0.49754808800268524,7.0,0.453125,160.0,0,0.00749675531907931,1
cd/490352,125,50,4,0.72151899,0.5822784799999999,0.5797821443194924,5.0,0.0,37.0,0,0.005087459257373503,1
cd/490353,125,50,4,0.82338902,0.67303102,0.34983140254163503,5.0,0.703125,207.0,0,0.0026422638266715617,0
cd/490354,125,50,4,0.53952569,0.2885375499999999,0.5219185338527195,10.0,0.480469,248.0,0,0.04061095335871081,1
cd/490356,125,50,4,0.83004926,0.74384236,0.3741200797011634,6.0,0.0,200.0,0,0.0024907688443196138,1
cd/490357,125,50,4,0.72819473,0.59634889,0.5549381725030742,5.0,0.847656,244.0,0,0.01997420878162968,1
cd/490360,125,50,4,0.72192513,0.55614973,0.47221413489880987,7.0,0.132812,90.0,0,0.027865748411322982,1
cd/490361,125,50,4,0.97802198,0.9582417599999999,0.10266146752032132,3.0,0.683594,226.0,0,5.026108019529824e-07,0
cd/490363,125,50,4,0.59638554,0.3935743,0.5645433931488273,8.0,0.414062,245.0,0,0.020884127955830053,1
cd/490199,150,25,4,0.54401806,0.16252821999999995,0.5942046706424149,5.0,0.996094,219.0,1,0.048357671546163376,1
cd/490201,150,25,4,0.61886051,0.2632613,0.4796740658739337,5.0,0.96875,252.0,1,0.056686441259328174,1
cd/490202,150,25,4,0.99776786,0.9955357199999999,0.022875953891907913,2.0,0.003906,223.0,0,2.8510476060267743e-07,0
cd/490203,150,25,4,0.66966967,0.34834835,0.6150910769936585,3.0,0.804688,165.0,0,0.0023958056534923553,0
cd/490204,150,25,4,0.55664062,0.31640624000000006,0.5302857307952245,8.0,0.441406,252.0,1,0.02838557084563099,1
cd/490205,150,25,4,0.55368421,0.13894737000000001,0.518445132450594,5.0,0.960938,235.0,1,0.01685495582439228,1
cd/490206,150,25,4,0.82642998,0.69033531,0.3666018167005985,5.0,0.804688,251.0,0,0.0032615333837043028,0
cd/490207,150,25,4,0.64059197,0.37632136,0.5474055753910995,5.0,0.945312,234.0,0,0.02543325150172159,1
cd/490208,150,25,4,0.75365344,0.52609603,0.3990808217644311,5.0,0.992188,237.0,0,0.02639776054122474,1
cd/490211,150,25,4,0.88212181,0.7740667999999999,0.25215165675865053,5.0,0.96875,252.0,0,0.0028771570695678914,0
cd/490212,150,25,4,0.5165692,0.12085769999999996,0.5916610449876556,5.0,0.914062,254.0,1,0.029485356429180137,1
cd/490213,150,25,4,0.36633663,0.03168315999999999,0.7027681512540016,7.0,0.53125,249.0,1,0.057272121541485844,1
cd/490214,150,25,4,0.99132321,0.98481562,0.04979729966832034,3.0,0.929688,229.0,0,0.000570628369895816,0
cd/490215,150,25,4,0.93320236,0.89980354,0.19919400440122864,5.0,0.738281,252.0,0,0.005897214660377528,1
cd/490217,150,25,4,0.70230608,0.40670860000000003,0.5656010970953326,3.0,0.0,237.0,0,0.001076517842009082,0
cd/490219,150,25,4,0.66037736,0.3312369,0.4333955483713002,5.0,0.828125,236.0,0,0.005334626505493251,1
cd/490221,150,25,4,0.87878788,0.8121212099999999,0.2919946770109043,5.0,0.96875,245.0,0,0.0012022180785029948,0
cd/490225,150,25,4,0.90532544,0.8481262300000001,0.24884387564787008,5.0,0.980469,251.0,0,0.006721723009173255,1
cd/490227,150,25,4,0.40275049,0.01571708999999999,0.697957666881895,5.0,0.917969,252.0,1,0.02706981173178694,1
cd/490228,150,25,4,0.65531062,0.32064128,0.43427783737934744,5.0,0.960938,247.0,0,0.0489958181277644,1
cd/490229,150,25,4,0.69877049,0.48360656,0.42097824965424674,8.0,0.679688,240.0,0,0.0036174351199812376,0
cd/490231,150,25,4,0.78937008,0.6259842499999999,0.33931244184067655,8.0,0.660156,250.0,0,0.008398985022240025,1
cd/490232,150,25,4,0.99538106,0.99307159,0.02971806117336119,3.0,0.0,215.0,0,1.7803203189443483e-06,1
cd/490233,150,25,4,0.84615385,0.72583827,0.33549418271571685,5.0,0.953125,251.0,0,0.007301722752356914,1
cd/490234,150,25,4,0.85575049,0.7251462,0.29293602051607553,5.0,0.976562,254.0,0,0.005325141959307396,1
cd/490235,150,25,4,0.87283237,0.80539499,0.28391421719864934,7.0,0.640625,256.0,0,0.0050092986479039515,1
cd/490236,150,25,4,0.74513619,0.58754864,0.40500889298368586,8.0,0.765625,253.0,0,0.008228265312880784,1
cd/490237,150,25,4,0.99786325,0.9957265,0.022033137720815717,2.0,0.003906,233.0,0,2.2184986059417883e-07,1
cd/490239,150,25,4,0.93495935,0.87804878,0.2413252098369412,3.0,0.0,60.0,0,0.006503244637311324,1
cd/490240,150,25,4,0.96257796,0.93555093,0.11907975001883071,5.0,0.4375,238.0,0,0.0013161560164937514,0
cd/490241,150,25,4,0.88560158,0.78500986,0.25396485758795645,5.0,0.929688,251.0,0,0.002294600991989464,0
cd/490243,150,25,4,0.86912065,0.7648261700000001,0.29699009440507407,5.0,0.402344,242.0,0,0.00871941952311471,1
cd/490245,150,25,4,0.77237354,0.61478599,0.37187896823562383,8.0,0.640625,253.0,0,0.009196659823840535,1
cd/490246,150,25,4,0.89432485,0.83365949,0.26436037256172934,5.0,0.964844,253.0,0,0.0031011112208026055,0
cd/490248,150,25,4,0.63875598,0.27751196,0.9437109763329425,2.0,0.015625,208.0,0,0.02832981941919224,1
cd/490249,150,25,4,0.85575049,0.75633529,0.2829253114056264,7.0,0.878906,253.0,0,0.004468459013819642,1
cd/490254,150,25,4,0.80645161,0.64516129,0.5266032783731057,3.0,0.054688,14.0,0,0.03964413591443975,0
cd/490256,150,25,4,0.89083821,0.84210527,0.2900630394805858,5.0,0.960938,254.0,0,0.008722926957832581,1
cd/490258,150,25,4,0.90429688,0.8515625,0.21184613177082098,8.0,0.738281,252.0,0,0.006635457104853099,1
cd/490259,150,25,4,0.94216867,0.89638554,0.22806295068741347,3.0,0.441406,206.0,0,0.005513220890375627,1
cd/490260,150,25,4,0.77952756,0.58267717,0.5484883903908679,3.0,0.765625,189.0,0,0.008870082202803733,1
cd/490261,150,25,4,0.84431138,0.73852296,0.35161817426058134,5.0,0.917969,248.0,0,0.01773184057108193,1
cd/490262,150,25,4,0.78294574,0.57364341,0.5066365678764745,3.0,0.058594,63.0,1,0.018165359558819632,0
cd/490263,150,25,4,0.73346304,0.6614785999999999,0.5023702588785217,8.0,0.488281,253.0,0,0.005525441557666169,0
cd/490264,150,25,4,0.73333333,0.53333333,0.6643574129877536,3.0,0.0,6.0,1,0.09022710382785615,1
cd/490266,150,25,4,0.85746102,0.77505567,0.3265519638972875,5.0,0.0,222.0,0,0.010327649567602723,1
cd/490267,150,25,4,0.89041096,0.79452055,0.24897008380664226,5.0,0.980469,253.0,0,0.00310895564667558,1
cd/490268,150,25,4,0.90543735,0.8463357,0.3418203861721001,3.0,0.703125,210.0,0,0.002629515676861838,0
cd/490270,150,25,4,0.92222222,0.84444444,0.3943002458556627,2.0,0.0,224.0,0,0.002947828633558361,1
cd/490271,150,25,4,0.85685885,0.77534792,0.333426312331714,5.0,0.933594,249.0,0,0.002928689214709561,0
cd/490274,150,25,4,0.9806867,0.96566524,0.0783092556255285,4.0,0.0,231.0,0,0.0007274860808992098,0
cd/490275,150,25,4,0.9691358,0.9382716,0.19870743460471602,2.0,0.015625,80.0,0,0.00047779969272705307,0
cd/490276,150,25,4,0.91812865,0.84600389,0.2003575734832333,5.0,0.9375,254.0,0,0.0005629177348819642,0
cd/490279,150,25,4,0.80698152,0.6899384,0.4042414522810815,5.0,0.867188,241.0,0,0.011736608580049596,1
cd/490280,150,25,4,0.86193294,0.77317554,0.33445383671365125,5.0,0.878906,251.0,0,0.0049025411506965705,0
cd/490281,150,25,4,0.9113082,0.83370288,0.21339880504311984,5.0,0.898438,223.0,0,0.0021206196754020756,0
cd/490282,150,25,4,0.5030303,0.04444444000000003,0.5388096584977649,5.0,0.980469,245.0,1,0.07242324803199093,1
cd/490283,150,25,4,0.91578947,0.86315789,0.23088139857624387,5.0,0.742188,235.0,0,0.005519575650374821,1
cd/490287,150,25,4,0.76237624,0.5742574300000001,0.42652939895722325,5.0,0.800781,250.0,0,0.007976281470389033,1
cd/490288,150,25,4,0.96634615,0.95192307,0.10987210426370163,6.0,0.0,101.0,0,0.0004462759757409357,1
cd/490290,150,25,4,0.70575693,0.44776119,0.4629102039975167,5.0,0.863281,232.0,0,0.013947239549659927,1
cd/490292,150,25,4,0.64975845,0.45893719,0.4664945914426286,10.0,0.105469,202.0,0,0.011022769581884044,1
cd/490296,150,25,4,0.81128405,0.7237354100000001,0.3496367983429105,8.0,0.710938,253.0,0,0.006000325534026252,1
cd/490297,150,25,4,0.74505495,0.49670329999999996,0.5446043990256138,3.0,0.914062,226.0,0,0.0027381565652002,0
cd/490303,150,25,4,0.66188525,0.54508197,0.5236817664953182,8.0,0.449219,240.0,0,0.011475106859339527,1
cd/490304,150,25,4,0.88679245,0.79245283,0.3678971210894495,3.0,0.0,25.0,0,0.007843369611059803,1
cd/490305,150,25,4,0.96153846,0.92307692,0.23519338896363562,2.0,0.5,12.0,0,0.01578195609887841,0
cd/490306,150,25,4,0.91666667,0.83333334,0.4138168387721949,2.0,0.0,5.0,1,0.016911037784302602,0
cd/490307,150,25,4,0.82480315,0.6929133900000001,0.29720292403952603,8.0,0.640625,250.0,0,0.00625116918501169,1
cd/490308,150,25,4,0.95,0.8999999999999999,0.2863969571159562,2.0,0.441406,9.0,0,0.0322065529084987,0
cd/490309,150,25,4,0.77755102,0.66530612,0.32677481457450536,12.0,0.003906,239.0,0,0.013913214098961645,1
cd/490312,150,25,4,0.92099792,0.84407484,0.26027313002133123,3.0,0.898438,239.0,0,0.0011278229853280046,0
cd/490313,150,25,4,0.85242718,0.73009708,0.31436214547409275,5.0,0.933594,255.0,0,0.0026951406058312675,1
cd/490315,150,25,4,0.92814371,0.8622754499999999,0.17745564780542114,5.0,0.914062,248.0,0,0.006867709033729438,1
cd/490316,150,25,4,0.74840085,0.52025586,0.41146793111365,5.0,0.851562,232.0,0,0.004366750000142428,1
cd/490317,150,25,4,0.91355599,0.8605108,0.22785575621981483,5.0,0.910156,252.0,0,0.003103650862017977,0
cd/490320,150,25,4,0.71666667,0.43333333999999996,0.859953045255079,2.0,0.121094,29.0,0,0.06662044321457258,1
cd/490321,150,25,4,0.89838337,0.81755196,0.3459852314237993,3.0,0.0,215.0,0,0.007807322744845219,1
cd/490322,150,25,4,0.52455796,0.058939099999999967,0.4654452672845278,5.0,0.925781,252.0,1,0.05818731992167458,1
cd/490324,150,25,4,0.89090909,0.7959596,0.24908463884520646,5.0,0.976562,245.0,0,0.0023714673148727845,0
cd/490325,150,25,4,0.82389937,0.71698113,0.3247058376972681,7.0,0.296875,235.0,0,0.010401186907698692,1
cd/490327,150,25,4,0.75680934,0.59533074,0.3868975552258152,8.0,0.578125,253.0,0,0.014089707706194362,1
cd/490330,150,25,4,0.52941176,0.11764705000000003,0.7907427344498001,3.0,0.015625,7.0,1,0.01839960851097912,0
cd/490331,150,25,4,0.64534884,0.41860465,0.5030723909560166,8.0,0.402344,254.0,0,0.02395076833928327,1
cd/490333,150,25,4,0.66197183,0.33802817,0.6355901516419535,3.0,0.0,34.0,0,0.060698496428462374,1
cd/490334,150,25,4,0.69053118,0.3926097,0.421855112154915,5.0,0.964844,214.0,0,0.01318538452124409,1
cd/490335,150,25,4,0.66998012,0.40159046,0.4442141244972998,7.0,0.800781,248.0,1,0.06896423463913472,1
cd/490337,150,25,4,0.7964775,0.6340508899999999,0.39610551476765843,5.0,0.9375,253.0,0,0.0019614727723490533,0
cd/490338,150,25,4,0.81906615,0.6614786,0.275985737880983,8.0,0.652344,253.0,0,0.01093860055254636,1
cd/490339,150,25,4,0.87308534,0.7964989100000001,0.31366591078738204,5.0,0.964844,226.0,0,0.010003820248035812,1
cd/490340,150,25,4,0.95138889,0.90740741,0.15357635561131613,4.0,0.085938,214.0,0,0.0015056577488259295,0
cd/490341,150,25,4,0.55555556,0.26120857999999997,0.5038933412855765,9.0,0.554688,252.0,1,0.05152147658921652,1
cd/490342,150,25,4,0.41339492,0.09699769000000003,0.6785760394534195,7.0,0.421875,213.0,1,0.03805554386527157,1
cd/490343,150,25,4,0.92260692,0.89613034,0.1971329234591301,7.0,0.117188,242.0,0,0.005606986558971131,1
cd/490344,150,25,4,0.95482546,0.91170431,0.17513651105546987,3.0,0.785156,242.0,0,0.0005713844895158311,0
cd/490347,150,25,4,0.75775194,0.68217054,0.4496644538758306,8.0,0.40625,254.0,0,0.019660095379942937,1
cd/490348,150,25,4,0.9408284,0.9112426,0.18077140188864943,5.0,0.359375,251.0,0,0.005363321970839978,1
cd/490351,150,25,4,0.88290398,0.7822014,0.22236380507348735,7.0,0.691406,210.0,0,0.014522241209558459,1
cd/490352,150,25,4,0.86666667,0.7999999999999999,0.346912975243896,5.0,0.0,20.0,0,0.004620888181522986,1
cd/490353,150,25,4,0.96923077,0.9450549500000001,0.09980915002623626,5.0,0.941406,225.0,0,0.0013426368678181536,0
cd/490354,150,25,4,0.73653846,0.6,0.37660878143441073,10.0,0.699219,255.0,0,0.016520480468019176,1
cd/490356,150,25,4,0.93062201,0.89473684,0.1909164070128034,6.0,0.003906,206.0,0,0.0002760419218981234,0
cd/490357,150,25,4,0.87134503,0.81091618,0.3291706327462034,5.0,0.953125,254.0,0,0.00746888999563229,1
cd/490360,150,25,4,0.52542373,0.11299434999999997,0.4938655667600666,7.0,0.304688,85.0,0,0.013795072946219242,1
cd/490361,150,25,4,0.99105145,0.98434004,0.051104653946610755,3.0,0.714844,222.0,0,8.912396403435047e-07,1
cd/490363,150,25,4,0.76254826,0.67181467,0.40927913383040887,8.0,0.613281,255.0,0,0.01706758550513488,1
