AUPRC,AUROC,feature_set,n,positives,scope,unstable_flag
0.5025,0.8436,state_features,424,82,pooled_4_roots,
0.4403,0.807,state_features,106,19,root_75,
0.5557,0.8591,state_features,106,26,root_100,
0.5425,0.7748,state_features,106,21,root_125,
0.7218,0.9292,state_features,106,16,root_150,
0.2635,0.5419,controls_only,424,82,pooled_4_roots,
0.2564,0.5535,controls_only,106,19,root_75,
0.4284,0.5587,controls_only,106,26,root_100,
0.27,0.5289,controls_only,106,21,root_125,
0.2063,0.5111,controls_only,106,16,root_150,
0.5791,0.8718,state_plus_controls,424,82,pooled_4_roots,
0.4351,0.853,state_plus_controls,106,19,root_75,
0.6713,0.8962,state_plus_controls,106,26,root_100,
0.5794,0.8078,state_plus_controls,106,21,root_125,
0.7032,0.9285,state_plus_controls,106,16,root_150,
