root,check,n,positives,margin_AUROC
75,leave_out_trunk,106,14,0.7547
75,leave_out_seed1,106,15,0.7582
75,leave_out_seed2,106,15,0.8088
75,leave_out_seed3,106,18,0.7771
75,exclude_margin_lt_0.01,105,18,0.7778
75,target=omnibus_significant,106,86,0.8201
100,leave_out_trunk,106,23,0.8148
100,leave_out_seed1,106,21,0.8261
100,leave_out_seed2,106,17,0.8321
100,leave_out_seed3,106,26,0.8411
100,exclude_margin_lt_0.01,104,25,0.8456
100,target=omnibus_significant,106,96,0.6354
125,leave_out_trunk,106,20,0.7477
125,leave_out_seed1,106,20,0.7919
125,leave_out_seed2,106,19,0.7411
125,leave_out_seed3,106,9,0.8477
125,exclude_margin_lt_0.01,105,20,0.7565
150,leave_out_trunk,106,14,0.8983
150,leave_out_seed1,106,16,0.9243
150,leave_out_seed2,106,5,0.9248
150,leave_out_seed3,106,16,0.9243
150,exclude_margin_lt_0.01,106,16,0.9243
150,target=omnibus_significant,106,72,0.7002
