track,model,checkpoint_source,task,algorithm,training_source,lineage_id,root_step,planned_num_continuations,completed_num_continuations,continuation_ids_completed,evaluated_checkpoints,role_in_paper,branch_level_valid,trajectory_level_valid,status,notes
A,Qwen2.5-3B-Instruct,self-trained trunk (this work),Countdown,GRPO (loss_type=grpo),compute cluster B 3x train + 1 rollout,r11_trunk,75,4,4,trunk+seed1+seed2+seed3,"forks at 175; trunk arm at 25,50,75,100,125,150,175,200",main_stochastic_continuation,True,True,COMPLETE,
A,Qwen2.5-3B-Instruct,self-trained trunk (this work),Countdown,GRPO (loss_type=grpo),compute cluster B 3x train + 1 rollout,r11_trunk,100,4,4,trunk+seed1+seed2+seed3,"forks at 175; trunk arm at 25,50,75,100,125,150,175,200",main_stochastic_continuation,True,True,COMPLETE,
A,Qwen2.5-3B-Instruct,self-trained trunk (this work),Countdown,GRPO (loss_type=grpo),compute cluster B 3x train + 1 rollout,r11_trunk,125,4,4,trunk+seed1+seed2+seed3,"forks at 175; trunk arm at 25,50,75,100,125,150,175,200",main_stochastic_continuation,True,True,COMPLETE,
A,Qwen2.5-3B-Instruct,self-trained trunk (this work),Countdown,GRPO (loss_type=grpo),compute cluster B 3x train + 1 rollout,r11_trunk,150,4,4,trunk+seed1+seed2+seed3,"forks at 175; trunk arm at 25,50,75,100,125,150,175,200",main_stochastic_continuation,True,True,COMPLETE,
B,Qwen2.5-3B-Instruct,r11 trunk root 75,Countdown,GRPO,compute cluster B,r11_trunk,75,4,1,replay,175,same_seed_nondeterminism_control,True,True,IN_PROGRESS,"same-seed replay exists at root 75 only; roots 100/125/150 PLANNED, not started"
C,Qwen2.5-7B-Instruct-RL,cd3arg local RL start,Countdown,GRPO horizon 2048,compute cluster B,r8_7b,NA,4,2,seed1+seed2,"5,10,15,20,25",cross_scale_existence_check,True,True,STOPPED_BY_DECISION,"seeds 3-4 never started (R8_STOP_AT_SEEDS_1_2, compute budget); independent seeds, NOT full-state forks"
D,philschmid qwen-2.5-3b-r1-countdown,public checkpoint-100,Countdown,"GRPO (older TRL, colocated vLLM)",compute cluster A,public_ckpt100,100,5,5,seed1+seed2+seed3+seed4+seed5,"continuations at 105,110,115,120,125; root at 100",public_replication_reference,True,True,COMPLETE,compared with track A only on the common 100-125 interval
E,DeepSeek-R1-Distill-Qwen-1.5B-RLVR-Code,public lineage,HumanEval code,public RLVR,not trained here,qwen_code,NA,1,1,public_lineage,step-100..800,trajectory_level_replication,False,True,COMPLETE,"no rows in the canonical branch-state table: the branch labeller failed its pre-registered blind audit (macro-F1 0.479/0.724), so branch-level quantities are QUARANTINED; trajectory-level metrics only"
F,Olmo-3.1-7B-RL-Zero-Code,public lineage,HumanEval code,public RLVR,not trained here,olmo_code,NA,1,1,public_lineage,step_0800..FINAL-main,cross_family_trajectory_replication,False,True,COMPLETE,"no rows in the canonical branch-state table: the branch labeller failed its pre-registered blind audit (macro-F1 0.479/0.724), so branch-level quantities are QUARANTINED; trajectory-level metrics only"
