dropped_continuation,simulator,horizon,predicted_js,observed_js,abs_js_error,predicted_winner_disagreement,observed_winner_disagreement,abs_winner_error
seed1,S1,5,0.02658965,0.00230671,0.02428295,0.13202306,0.02672956,0.1052935
seed1,S1,10,0.05203119,0.00742703,0.04460416,0.2052935,0.07704403,0.12824948
seed1,S1,15,0.0792494,0.01620943,0.06303997,0.26187107,0.10691824,0.15495283
seed1,S1,20,0.10497043,0.02211653,0.0828539,0.31171384,0.10062893,0.21108491
seed1,S1,25,0.12810374,0.0291594,0.09894434,0.35820231,0.1163522,0.2418501
seed1,S2,5,0.00619967,0.00230671,0.00389296,0.04593816,0.02672956,0.0192086
seed1,S2,10,0.01983623,0.00742703,0.0124092,0.1077044,0.07704403,0.03066038
seed1,S2,15,0.03411169,0.01620943,0.01790226,0.14861111,0.10691824,0.04169287
seed1,S2,20,0.04776573,0.02211653,0.0256492,0.18401468,0.10062893,0.08338574
seed1,S2,25,0.06089797,0.0291594,0.03173857,0.21535639,0.1163522,0.09900419
seed2,S1,5,0.02567192,0.00181078,0.02386114,0.13000524,0.02358491,0.10642034
seed2,S1,10,0.04862675,0.00408645,0.04454029,0.18865304,0.04874214,0.1399109
seed2,S1,15,0.07300627,0.00757937,0.0654269,0.24452306,0.05660377,0.18791929
seed2,S1,20,0.09587574,0.01155198,0.08432376,0.29297694,0.07861635,0.21436059
seed2,S1,25,0.11736025,0.01623302,0.10112724,0.33928197,0.11477987,0.2245021
seed2,S2,5,0.00566968,0.00181078,0.0038589,0.04224319,0.02358491,0.01865828
seed2,S2,10,0.01755877,0.00408645,0.01347232,0.09014675,0.04874214,0.04140461
seed2,S2,15,0.03025116,0.00757937,0.02267179,0.12460692,0.05660377,0.06800314
seed2,S2,20,0.04361469,0.01155198,0.03206271,0.17303459,0.07861635,0.09441824
seed2,S2,25,0.05850749,0.01623302,0.04227447,0.22872117,0.11477987,0.1139413
seed3,S1,5,0.026963,0.0021305,0.0248325,0.13034591,0.02830189,0.10204403
seed3,S1,10,0.05338142,0.00754419,0.04583723,0.20471698,0.07704403,0.12767296
seed3,S1,15,0.08155358,0.01522543,0.06632815,0.26910377,0.10220126,0.16690252
seed3,S1,20,0.10741691,0.02072252,0.08669438,0.3206761,0.09433962,0.22633648
seed3,S1,25,0.12929777,0.02701443,0.10228333,0.3615566,0.11949686,0.24205975
seed3,S2,5,0.0063031,0.0021305,0.0041726,0.0476153,0.02830189,0.01931342
seed3,S2,10,0.01964871,0.00754419,0.01210452,0.10146751,0.07704403,0.02442348
seed3,S2,15,0.03372525,0.01522543,0.01849982,0.14287212,0.10220126,0.04067086
seed3,S2,20,0.04734854,0.02072252,0.02662601,0.17494759,0.09433962,0.08060797
seed3,S2,25,0.05889769,0.02701443,0.03188326,0.20267296,0.11949686,0.0831761
seed4,S1,5,0.02648642,0.00210409,0.02438233,0.12948113,0.02830189,0.10117925
seed4,S1,10,0.05220376,0.00613707,0.04606669,0.19606918,0.06918239,0.12688679
seed4,S1,15,0.07775328,0.01347274,0.06428055,0.2543501,0.08962264,0.16472746
seed4,S1,20,0.10217408,0.01888499,0.08328909,0.30408805,0.10062893,0.20345912
seed4,S1,25,0.12254344,0.02562745,0.09691599,0.34585954,0.11477987,0.23107966
seed4,S2,5,0.00624675,0.00210409,0.00414267,0.04971174,0.02830189,0.02140985
seed4,S2,10,0.01859977,0.00613707,0.01246271,0.09787736,0.06918239,0.02869497
seed4,S2,15,0.03275143,0.01347274,0.01927869,0.14439203,0.08962264,0.05476939
seed4,S2,20,0.045911,0.01888499,0.02702601,0.17777778,0.10062893,0.07714885
seed4,S2,25,0.05649384,0.02562745,0.0308664,0.19997379,0.11477987,0.08519392
seed5,S1,5,0.02622465,0.0021099,0.02411476,0.12528826,0.02515723,0.10013103
seed5,S1,10,0.05361456,0.00740726,0.04620729,0.20123166,0.07704403,0.12418763
seed5,S1,15,0.08199209,0.01580503,0.06618706,0.26197589,0.10220126,0.15977463
seed5,S1,20,0.10809127,0.02197785,0.08611342,0.31648323,0.10691824,0.20956499
seed5,S1,25,0.13072109,0.03068901,0.10003208,0.36189727,0.13207547,0.2298218
seed5,S2,5,0.00605354,0.0021099,0.00394364,0.04392034,0.02515723,0.0187631
seed5,S2,10,0.0198918,0.00740726,0.01248454,0.10618449,0.07704403,0.02914046
seed5,S2,15,0.03404379,0.01580503,0.01823876,0.14766771,0.10220126,0.04546646
seed5,S2,20,0.0474402,0.02197785,0.02546235,0.18225891,0.10691824,0.07534067
seed5,S2,25,0.06199578,0.03068901,0.03130677,0.22651992,0.13207547,0.09444444
