transition_model,analysis_scope,component,absolute_energy,share,ci_low,ci_high,num_questions,num_transitions,num_continuations
R1,all transitions,raw_residual,1.81617228,1.0,1.60606102,2.04194031,106,5,5
R1,all transitions,measurement,0.6877637,0.378689,0.60206338,0.78313469,106,5,5
R1,all transitions,shared_mu,0.4543732,0.250182,0.38194942,0.53102547,106,5,5
R1,all transitions,seed_specific_eta,1.36179908,0.749818,1.20728304,1.54063783,106,5,5
R1,all transitions,seed_specific_eta_measurement_corrected,0.67403537,0.37113,0.58223626,0.77783774,106,5,5
R1,transition 100->105,raw_residual,1.49003602,1.0,1.21624754,1.77911549,106,1,5
R1,transition 100->105,measurement,0.39345336,0.264056,0.33036221,0.46200492,106,1,5
R1,transition 100->105,shared_mu,1.0504526,0.704985,0.82312785,1.29276455,106,1,5
R1,transition 100->105,seed_specific_eta,0.43958342,0.295015,0.36034869,0.52424187,106,1,5
R1,transition 100->105,seed_specific_eta_measurement_corrected,0.04613005,0.030959,-0.00768441,0.10376641,106,1,5
R1,transition 105->110,raw_residual,1.4789163,1.0,1.24809674,1.72682645,106,1,5
R1,transition 105->110,measurement,0.55653269,0.376311,0.47888443,0.64310378,106,1,5
R1,transition 105->110,shared_mu,0.27764292,0.187734,0.20009497,0.35849307,106,1,5
R1,transition 105->110,seed_specific_eta,1.20127337,0.812266,1.00525831,1.4175024,106,1,5
R1,transition 105->110,seed_specific_eta_measurement_corrected,0.64474068,0.435955,0.50441604,0.80186036,106,1,5
R1,transition 110->115,raw_residual,1.77040961,1.0,1.52932389,2.04320459,106,1,5
R1,transition 110->115,measurement,0.72936317,0.411974,0.63479428,0.83560919,106,1,5
R1,transition 110->115,shared_mu,0.25743046,0.145407,0.17445613,0.35894547,106,1,5
R1,transition 110->115,seed_specific_eta,1.51297915,0.854593,1.28960233,1.76293337,106,1,5
R1,transition 110->115,seed_specific_eta_measurement_corrected,0.78361598,0.442618,0.62606378,0.95228938,106,1,5
R1,transition 115->120,raw_residual,2.07906162,1.0,1.80925216,2.36141836,106,1,5
R1,transition 115->120,measurement,0.85267621,0.410126,0.74982374,0.96610135,106,1,5
R1,transition 115->120,shared_mu,0.30448349,0.146452,0.20709599,0.40369146,106,1,5
R1,transition 115->120,seed_specific_eta,1.77457813,0.853548,1.53507034,2.03293132,106,1,5
R1,transition 115->120,seed_specific_eta_measurement_corrected,0.92190191,0.443422,0.7468898,1.11358251,106,1,5
R1,transition 120->125,raw_residual,2.26243785,1.0,1.986317,2.55985875,106,1,5
R1,transition 120->125,measurement,0.90679309,0.400804,0.7977221,1.02416063,106,1,5
R1,transition 120->125,shared_mu,0.38185653,0.168781,0.25362916,0.50828038,106,1,5
R1,transition 120->125,seed_specific_eta,1.88058132,0.831219,1.63242919,2.15213325,106,1,5
R1,transition 120->125,seed_specific_eta_measurement_corrected,0.97378823,0.430415,0.79694313,1.17935622,106,1,5
R2,all transitions,raw_residual,2.311359,1.0,2.0198759,2.63223036,106,4,5
R2,all transitions,measurement,0.76502164,0.330983,0.67313658,0.87075627,106,4,5
R2,all transitions,shared_mu,0.22915235,0.099142,0.16121132,0.31000955,106,4,5
R2,all transitions,seed_specific_eta,2.08220665,0.900858,1.81389132,2.37178014,106,4,5
R2,all transitions,seed_specific_eta_measurement_corrected,1.31718501,0.569875,1.12720791,1.52342742,106,4,5
R2,transition 105->110,raw_residual,1.88469257,1.0,1.56032095,2.23421226,106,1,5
R2,transition 105->110,measurement,0.5593144,0.296767,0.48159624,0.6459087,106,1,5
R2,transition 105->110,shared_mu,0.36433744,0.193314,0.24589666,0.49064896,106,1,5
R2,transition 105->110,seed_specific_eta,1.52035513,0.806686,1.26072757,1.80150317,106,1,5
R2,transition 105->110,seed_specific_eta_measurement_corrected,0.96104073,0.509919,0.76337347,1.17757111,106,1,5
R2,transition 110->115,raw_residual,2.12577473,1.0,1.78196732,2.48969435,106,1,5
R2,transition 110->115,measurement,0.73375291,0.34517,0.63717215,0.83863529,106,1,5
R2,transition 110->115,shared_mu,0.16491244,0.077578,0.07238404,0.27498967,106,1,5
R2,transition 110->115,seed_specific_eta,1.96086229,0.922422,1.62521254,2.30093927,106,1,5
R2,transition 110->115,seed_specific_eta_measurement_corrected,1.22710938,0.577253,0.96917307,1.49036865,106,1,5
R2,transition 115->120,raw_residual,2.47352669,1.0,2.1689662,2.80625799,106,1,5
R2,transition 115->120,measurement,0.85753898,0.346687,0.75340072,0.96204188,106,1,5
R2,transition 115->120,shared_mu,0.14768302,0.059705,0.05625879,0.24051908,106,1,5
R2,transition 115->120,seed_specific_eta,2.32584367,0.940295,2.00852173,2.66987027,106,1,5
R2,transition 115->120,seed_specific_eta_measurement_corrected,1.46830469,0.593608,1.22455185,1.72750642,106,1,5
R2,transition 120->125,raw_residual,2.76144201,1.0,2.42322556,3.0994983,106,1,5
R2,transition 120->125,measurement,0.90948026,0.32935,0.80476343,1.01797294,106,1,5
R2,transition 120->125,shared_mu,0.23967652,0.086794,0.1128036,0.36735873,106,1,5
R2,transition 120->125,seed_specific_eta,2.52176549,0.913206,2.16994194,2.8807552,106,1,5
R2,transition 120->125,seed_specific_eta_measurement_corrected,1.61228523,0.583856,1.34144696,1.91608351,106,1,5
R1,leave_out_seed1,raw_residual,1.84980872,1.0,1.63768763,2.069298,106,5,4
R1,leave_out_seed1,measurement,0.69242427,0.374322,0.60647296,0.78264432,106,5,4
R1,leave_out_seed1,shared_mu,0.44755349,0.241946,0.37717734,0.52076182,106,5,4
R1,leave_out_seed1,seed_specific_eta,1.40225524,0.758054,1.22980356,1.57428337,106,5,4
R1,leave_out_seed1,seed_specific_eta_measurement_corrected,0.70983097,0.383732,0.60182927,0.813885,106,5,4
R1,leave_out_seed2,raw_residual,1.69334978,1.0,1.49191788,1.91834972,106,5,4
R1,leave_out_seed2,measurement,0.66880164,0.394958,0.58380227,0.7630686,106,5,4
R1,leave_out_seed2,shared_mu,0.44313846,0.261693,0.36566244,0.52969981,106,5,4
R1,leave_out_seed2,seed_specific_eta,1.25021133,0.738307,1.08839,1.42006757,106,5,4
R1,leave_out_seed2,seed_specific_eta_measurement_corrected,0.58140968,0.343349,0.4870124,0.68375141,106,5,4
R1,leave_out_seed3,raw_residual,1.88531211,1.0,1.66111534,2.12099079,106,5,4
R1,leave_out_seed3,measurement,0.70224945,0.372484,0.61727573,0.79239362,106,5,4
R1,leave_out_seed3,shared_mu,0.4670292,0.24772,0.38799304,0.55497281,106,5,4
R1,leave_out_seed3,seed_specific_eta,1.41828291,0.75228,1.24001917,1.60966383,106,5,4
R1,leave_out_seed3,seed_specific_eta_measurement_corrected,0.71603346,0.379796,0.60645275,0.83907679,106,5,4
R1,leave_out_seed4,raw_residual,1.78136736,1.0,1.55632192,2.00542178,106,5,4
R1,leave_out_seed4,measurement,0.6788161,0.381065,0.59226599,0.76982192,106,5,4
R1,leave_out_seed4,shared_mu,0.43220971,0.242628,0.36238344,0.51309007,106,5,4
R1,leave_out_seed4,seed_specific_eta,1.34915765,0.757372,1.17338229,1.53393925,106,5,4
R1,leave_out_seed4,seed_specific_eta_measurement_corrected,0.67034155,0.376307,0.56433909,0.78423691,106,5,4
R1,leave_out_seed5,raw_residual,1.88687061,1.0,1.65724787,2.11967371,106,5,4
R1,leave_out_seed5,measurement,0.70347813,0.372828,0.61488769,0.80206264,106,5,4
R1,leave_out_seed5,shared_mu,0.49193657,0.260716,0.40825876,0.57752541,106,5,4
R1,leave_out_seed5,seed_specific_eta,1.39493404,0.739284,1.21701872,1.57843723,106,5,4
R1,leave_out_seed5,seed_specific_eta_measurement_corrected,0.69145591,0.366456,0.58361337,0.79611509,106,5,4
R2,leave_out_seed1,raw_residual,2.35306182,1.0,2.05541334,2.64569145,106,4,4
R2,leave_out_seed1,measurement,0.76882698,0.326735,0.67359353,0.86702406,106,4,4
R2,leave_out_seed1,shared_mu,0.21781124,0.092565,0.14535096,0.29606607,106,4,4
R2,leave_out_seed1,seed_specific_eta,2.13525059,0.907435,1.84356289,2.4339652,106,4,4
R2,leave_out_seed1,seed_specific_eta_measurement_corrected,1.36642361,0.5807,1.16309743,1.57836045,106,4,4
R2,leave_out_seed2,raw_residual,2.06944255,1.0,1.8178508,2.35155991,106,4,4
R2,leave_out_seed2,measurement,0.73341648,0.354403,0.64069231,0.83736753,106,4,4
R2,leave_out_seed2,shared_mu,0.23349217,0.112829,0.15323458,0.32623797,106,4,4
R2,leave_out_seed2,seed_specific_eta,1.83595039,0.887171,1.59560833,2.09635932,106,4,4
R2,leave_out_seed2,seed_specific_eta_measurement_corrected,1.10253391,0.532769,0.93108985,1.29086611,106,4,4
R2,leave_out_seed3,raw_residual,2.42451216,1.0,2.11086383,2.74995899,106,4,4
R2,leave_out_seed3,measurement,0.78372106,0.323249,0.69001354,0.88598893,106,4,4
R2,leave_out_seed3,shared_mu,0.22879307,0.094367,0.14575633,0.32518419,106,4,4
R2,leave_out_seed3,seed_specific_eta,2.19571909,0.905633,1.89605141,2.51266838,106,4,4
R2,leave_out_seed3,seed_specific_eta_measurement_corrected,1.41199802,0.582384,1.19442354,1.64054287,106,4,4
R2,leave_out_seed4,raw_residual,2.28963471,1.0,2.00040084,2.60954209,106,4,4
R2,leave_out_seed4,measurement,0.7586231,0.331329,0.66466311,0.86009343,106,4,4
R2,leave_out_seed4,shared_mu,0.21955933,0.095893,0.14535026,0.29427541,106,4,4
R2,leave_out_seed4,seed_specific_eta,2.07007538,0.904107,1.79141042,2.38051793,106,4,4
R2,leave_out_seed4,seed_specific_eta_measurement_corrected,1.31145228,0.572778,1.10983765,1.54626547,106,4,4
R2,leave_out_seed5,raw_residual,2.43112576,1.0,2.13075623,2.73288833,106,4,4
R2,leave_out_seed5,measurement,0.77909123,0.320465,0.68489852,0.87356406,106,4,4
R2,leave_out_seed5,shared_mu,0.2598596,0.106889,0.17766774,0.35576002,106,4,4
R2,leave_out_seed5,seed_specific_eta,2.17126616,0.893111,1.87791948,2.46139066,106,4,4
R2,leave_out_seed5,seed_specific_eta_measurement_corrected,1.39217493,0.572646,1.18294312,1.60268202,106,4,4
R1,MATCHED transitions 105-125 (R1 vs R2 like-for-like),raw_residual,1.89770634,1.0,1.68283871,2.12932005,106,4,5
R1,MATCHED transitions 105-125 (R1 vs R2 like-for-like),measurement,0.76134129,0.40119,0.66610595,0.85486125,106,4,5
R1,MATCHED transitions 105-125 (R1 vs R2 like-for-like),shared_mu,0.30535335,0.160907,0.23942596,0.37384477,106,4,5
R1,MATCHED transitions 105-125 (R1 vs R2 like-for-like),seed_specific_eta,1.59235299,0.839093,1.39861736,1.80296191,106,4,5
R1,MATCHED transitions 105-125 (R1 vs R2 like-for-like),seed_specific_eta_measurement_corrected,0.8310117,0.437903,0.71497601,0.95771271,106,4,5
R2,MATCHED transitions 105-125 (R1 vs R2 like-for-like),raw_residual,2.311359,1.0,2.01528608,2.63441484,106,4,5
R2,MATCHED transitions 105-125 (R1 vs R2 like-for-like),measurement,0.76502164,0.330983,0.67324313,0.86741126,106,4,5
R2,MATCHED transitions 105-125 (R1 vs R2 like-for-like),shared_mu,0.22915235,0.099142,0.16041321,0.30547971,106,4,5
R2,MATCHED transitions 105-125 (R1 vs R2 like-for-like),seed_specific_eta,2.08220665,0.900858,1.81076035,2.38363148,106,4,5
R2,MATCHED transitions 105-125 (R1 vs R2 like-for-like),seed_specific_eta_measurement_corrected,1.31718501,0.569875,1.13504263,1.51846699,106,4,5
