panel,series,label,horizon,mean_pairwise_js,percent_of_energy
b,observed_js,Observed,5,0.00209239,
b,observed_js,Observed,10,0.0065204,
b,observed_js,Observed,15,0.0136584,
b,observed_js,Observed,20,0.01905078,
b,observed_js,Observed,25,0.02574466,
b,S2,S2  shared + specific,5,0.00635703,
b,S2,S2  shared + specific,10,0.02030153,
b,S2,S2  shared + specific,15,0.03483026,
b,S2,S2  shared + specific,20,0.04899405,
b,S2,S2  shared + specific,25,0.06193931,
b,S1pA,S1'A  sharing permuted,5,0.02327656,
b,S1pA,S1'A  sharing permuted,10,0.04615905,
b,S1pA,S1'A  sharing permuted,15,0.06740155,
b,S1pA,S1'A  sharing permuted,20,0.0864076,
b,S1pA,S1'A  sharing permuted,25,0.10475889,
b,S1pB,S1'B  sharing sign-flipped,5,0.01356468,
b,S1pB,S1'B  sharing sign-flipped,10,0.03347406,
b,S1pB,S1'B  sharing sign-flipped,15,0.05511999,
b,S1pB,S1'B  sharing sign-flipped,20,0.07812669,
b,S1pB,S1'B  sharing sign-flipped,25,0.10124291,
b,S1,S1  iid full residual,5,0.02610661,
b,S1,S1  iid full residual,10,0.05086126,
b,S1,S1  iid full residual,15,0.07651777,
b,S1,S1  iid full residual,20,0.10065888,
b,S1,S1  iid full residual,25,0.12166194,
b,S0,S0  drift only,5,0.00146872,
b,S0,S0  drift only,10,0.00146339,
b,S0,S0  drift only,15,0.00150683,
b,S0,S0  drift only,20,0.00169328,
b,S0,S0  drift only,25,0.0019337,
a,finite-rollout_measurement,finite-rollout measurement,,,37.9
a,shared_across_continuations,shared across continuations,,,25.0
a,continuation-specific,continuation-specific,,,37.1
